font_family	glyph_id	unicode	character	method	occurrences_in_recovered_docs	reference_occurrences	reference_pdfs	note
calibri	707	U+0422	Т	manual-pinned-page	1	0		"Pinned visual exception: fstec-vulnerability-analysis-2025.pdf page 21, heading ""Таблица 3""."
calibri	780	U+0430	а	manual-pinned-page	2	0		"Pinned visual exception: fstec-vulnerability-analysis-2025.pdf page 21, heading ""Таблица 3""."
calibri	781	U+0431	б	manual-pinned-page	1	0		"Pinned visual exception: fstec-vulnerability-analysis-2025.pdf page 21, heading ""Таблица 3""."
calibri	795	U+0438	и	manual-pinned-page	1	0		"Pinned visual exception: fstec-vulnerability-analysis-2025.pdf page 21, heading ""Таблица 3""."
calibri	803	U+043B	л	manual-pinned-page	1	0		"Pinned visual exception: fstec-vulnerability-analysis-2025.pdf page 21, heading ""Таблица 3""."
calibri	822	U+0446	ц	manual-pinned-page	1	0		"Pinned visual exception: fstec-vulnerability-analysis-2025.pdf page 21, heading ""Таблица 3""."
calibri	1007	U+0033	3	cross-document-glyph-id	1	1	fstec-methodology-2026-04-12.pdf	
times-bold	570	U+0410	А	cross-document-glyph-id	15	90	fstec-methodology-2026-04-12.pdf,fstec-security-update-testing-2022.pdf,fstec-vulnerability-management-2023.pdf	
times-bold	571	U+0411	Б	cross-document-glyph-id	3	33	fstec-methodology-2026-04-12.pdf,fstec-security-update-testing-2022.pdf,fstec-vulnerability-management-2023.pdf	
times-bold	572	U+0412	В	cross-document-glyph-id	4	71	fstec-methodology-2026-04-12.pdf,fstec-security-update-testing-2022.pdf,fstec-vulnerability-management-2023.pdf	
times-bold	574	U+0414	Д	cross-document-glyph-id	5	41	fstec-methodology-2026-04-12.pdf,fstec-security-update-testing-2022.pdf,fstec-vulnerability-management-2023.pdf	
times-bold	575	U+0415	Е	cross-document-glyph-id	19	77	fstec-methodology-2026-04-12.pdf,fstec-security-update-testing-2022.pdf,fstec-vulnerability-management-2023.pdf	
times-bold	576	U+0416	Ж	cross-document-glyph-id	2	10	fstec-methodology-2026-04-12.pdf,fstec-security-update-testing-2022.pdf,fstec-vulnerability-management-2023.pdf	
times-bold	577	U+0417	З	cross-document-glyph-id	4	130	fstec-methodology-2026-04-12.pdf,fstec-security-update-testing-2022.pdf,fstec-vulnerability-management-2023.pdf	
times-bold	578	U+0418	И	cross-document-glyph-id	17	126	fstec-methodology-2026-04-12.pdf,fstec-security-update-testing-2022.pdf,fstec-vulnerability-management-2023.pdf	
times-bold	579	U+0419	Й	cross-document-glyph-id	5	15	fstec-methodology-2026-04-12.pdf,fstec-security-update-testing-2022.pdf,fstec-vulnerability-management-2023.pdf	
times-bold	580	U+041A	К	cross-document-glyph-id	5	60	fstec-methodology-2026-04-12.pdf,fstec-security-update-testing-2022.pdf,fstec-vulnerability-management-2023.pdf	
times-bold	581	U+041B	Л	cross-document-glyph-id	2	15	fstec-methodology-2026-04-12.pdf,fstec-security-update-testing-2022.pdf,fstec-vulnerability-management-2023.pdf	
times-bold	582	U+041C	М	cross-document-glyph-id	7	79	fstec-methodology-2026-04-12.pdf,fstec-security-update-testing-2022.pdf,fstec-vulnerability-management-2023.pdf	
times-bold	583	U+041D	Н	cross-document-glyph-id	22	71	fstec-methodology-2026-04-12.pdf,fstec-security-update-testing-2022.pdf,fstec-vulnerability-management-2023.pdf	
times-bold	584	U+041E	О	cross-document-glyph-id	26	168	fstec-methodology-2026-04-12.pdf,fstec-security-update-testing-2022.pdf,fstec-vulnerability-management-2023.pdf	
times-bold	585	U+041F	П	cross-document-glyph-id	8	77	fstec-methodology-2026-04-12.pdf,fstec-security-update-testing-2022.pdf,fstec-vulnerability-management-2023.pdf	
times-bold	586	U+0420	Р	cross-document-glyph-id	8	187	fstec-methodology-2026-04-12.pdf,fstec-security-update-testing-2022.pdf,fstec-vulnerability-management-2023.pdf	
times-bold	587	U+0421	С	cross-document-glyph-id	14	107	fstec-methodology-2026-04-12.pdf,fstec-security-update-testing-2022.pdf,fstec-vulnerability-management-2023.pdf	
times-bold	588	U+0422	Т	cross-document-glyph-id	7	419	fstec-methodology-2026-04-12.pdf,fstec-security-update-testing-2022.pdf,fstec-vulnerability-management-2023.pdf	
times-bold	589	U+0423	У	cross-document-glyph-id	1	82	fstec-methodology-2026-04-12.pdf,fstec-security-update-testing-2022.pdf,fstec-vulnerability-management-2023.pdf	
times-bold	590	U+0424	Ф	cross-document-glyph-id	1	17	fstec-methodology-2026-04-12.pdf,fstec-security-update-testing-2022.pdf	
times-bold	591	U+0425	Х	cross-document-glyph-id	3	16	fstec-methodology-2026-04-12.pdf,fstec-security-update-testing-2022.pdf,fstec-vulnerability-management-2023.pdf	
times-bold	592	U+0426	Ц	cross-document-glyph-id	5	132	fstec-methodology-2026-04-12.pdf,fstec-vulnerability-management-2023.pdf	
times-bold	595	U+0429	Щ	cross-document-glyph-id	3	12	fstec-methodology-2026-04-12.pdf,fstec-security-update-testing-2022.pdf,fstec-vulnerability-management-2023.pdf	
times-bold	597	U+042B	Ы	cross-document-glyph-id	3	14	fstec-methodology-2026-04-12.pdf,fstec-security-update-testing-2022.pdf	
times-bold	601	U+042F	Я	cross-document-glyph-id	1	29	fstec-methodology-2026-04-12.pdf,fstec-security-update-testing-2022.pdf,fstec-vulnerability-management-2023.pdf	
times-bold	602	U+0430	а	cross-document-glyph-id	55	1615	fstec-methodology-2026-04-12.pdf,fstec-security-update-testing-2022.pdf,fstec-vulnerability-management-2023.pdf	
times-bold	603	U+0431	б	cross-document-glyph-id	5	464	fstec-methodology-2026-04-12.pdf,fstec-security-update-testing-2022.pdf,fstec-vulnerability-management-2023.pdf	
times-bold	604	U+0432	в	cross-document-glyph-id	24	866	fstec-methodology-2026-04-12.pdf,fstec-security-update-testing-2022.pdf,fstec-vulnerability-management-2023.pdf	
times-bold	605	U+0433	г	cross-document-glyph-id	4	96	fstec-methodology-2026-04-12.pdf,fstec-security-update-testing-2022.pdf,fstec-vulnerability-management-2023.pdf	
times-bold	606	U+0434	д	cross-document-glyph-id	10	278	fstec-methodology-2026-04-12.pdf,fstec-security-update-testing-2022.pdf,fstec-vulnerability-management-2023.pdf	
times-bold	607	U+0435	е	cross-document-glyph-id	44	1850	fstec-methodology-2026-04-12.pdf,fstec-security-update-testing-2022.pdf,fstec-vulnerability-management-2023.pdf	
times-bold	608	U+0436	ж	cross-document-glyph-id	1	33	fstec-methodology-2026-04-12.pdf	
times-bold	609	U+0437	з	cross-document-glyph-id	19	356	fstec-methodology-2026-04-12.pdf,fstec-security-update-testing-2022.pdf,fstec-vulnerability-management-2023.pdf	
times-bold	610	U+0438	и	cross-document-glyph-id	52	2519	fstec-methodology-2026-04-12.pdf,fstec-security-update-testing-2022.pdf,fstec-vulnerability-management-2023.pdf	
times-bold	611	U+0439	й	cross-document-glyph-id	17	250	fstec-methodology-2026-04-12.pdf,fstec-security-update-testing-2022.pdf,fstec-vulnerability-management-2023.pdf	
times-bold	612	U+043A	к	cross-document-glyph-id	13	628	fstec-methodology-2026-04-12.pdf,fstec-security-update-testing-2022.pdf,fstec-vulnerability-management-2023.pdf	
times-bold	613	U+043B	л	cross-document-glyph-id	13	681	fstec-methodology-2026-04-12.pdf,fstec-security-update-testing-2022.pdf,fstec-vulnerability-management-2023.pdf	
times-bold	614	U+043C	м	cross-document-glyph-id	18	504	fstec-methodology-2026-04-12.pdf,fstec-security-update-testing-2022.pdf,fstec-vulnerability-management-2023.pdf	
times-bold	615	U+043D	н	cross-document-glyph-id	43	1695	fstec-methodology-2026-04-12.pdf,fstec-security-update-testing-2022.pdf,fstec-vulnerability-management-2023.pdf	
times-bold	616	U+043E	о	cross-document-glyph-id	49	1638	fstec-methodology-2026-04-12.pdf,fstec-security-update-testing-2022.pdf,fstec-vulnerability-management-2023.pdf	
times-bold	617	U+043F	п	cross-document-glyph-id	12	249	fstec-methodology-2026-04-12.pdf,fstec-security-update-testing-2022.pdf,fstec-vulnerability-management-2023.pdf	
times-bold	618	U+0440	р	cross-document-glyph-id	33	1148	fstec-methodology-2026-04-12.pdf,fstec-security-update-testing-2022.pdf,fstec-vulnerability-management-2023.pdf	
times-bold	619	U+0441	с	cross-document-glyph-id	26	742	fstec-methodology-2026-04-12.pdf,fstec-security-update-testing-2022.pdf,fstec-vulnerability-management-2023.pdf	
times-bold	620	U+0442	т	cross-document-glyph-id	30	749	fstec-methodology-2026-04-12.pdf,fstec-security-update-testing-2022.pdf,fstec-vulnerability-management-2023.pdf	
times-bold	621	U+0443	у	cross-document-glyph-id	12	396	fstec-methodology-2026-04-12.pdf,fstec-security-update-testing-2022.pdf,fstec-vulnerability-management-2023.pdf	
times-bold	622	U+0444	ф	cross-document-glyph-id	3	172	fstec-methodology-2026-04-12.pdf,fstec-security-update-testing-2022.pdf	
times-bold	623	U+0445	х	cross-document-glyph-id	7	88	fstec-methodology-2026-04-12.pdf,fstec-security-update-testing-2022.pdf,fstec-vulnerability-management-2023.pdf	
times-bold	624	U+0446	ц	cross-document-glyph-id	6	425	fstec-methodology-2026-04-12.pdf,fstec-security-update-testing-2022.pdf,fstec-vulnerability-management-2023.pdf	
times-bold	625	U+0447	ч	cross-document-glyph-id	2	66	fstec-methodology-2026-04-12.pdf,fstec-security-update-testing-2022.pdf,fstec-vulnerability-management-2023.pdf	
times-bold	626	U+0448	ш	cross-document-glyph-id	3	13	fstec-methodology-2026-04-12.pdf,fstec-security-update-testing-2022.pdf	
times-bold	627	U+0449	щ	cross-document-glyph-id	3	68	fstec-methodology-2026-04-12.pdf,fstec-security-update-testing-2022.pdf,fstec-vulnerability-management-2023.pdf	
times-bold	628	U+044A	ъ	cross-document-glyph-id	1	2	fstec-methodology-2026-04-12.pdf	
times-bold	629	U+044B	ы	cross-document-glyph-id	7	140	fstec-methodology-2026-04-12.pdf,fstec-security-update-testing-2022.pdf,fstec-vulnerability-management-2023.pdf	
times-bold	630	U+044C	ь	cross-document-glyph-id	4	188	fstec-methodology-2026-04-12.pdf,fstec-security-update-testing-2022.pdf,fstec-vulnerability-management-2023.pdf	
times-bold	632	U+044E	ю	cross-document-glyph-id	1	239	fstec-methodology-2026-04-12.pdf,fstec-security-update-testing-2022.pdf	
times-bold	633	U+044F	я	cross-document-glyph-id	15	581	fstec-methodology-2026-04-12.pdf,fstec-security-update-testing-2022.pdf,fstec-vulnerability-management-2023.pdf	
times-regular	169	U+00AB	«	cross-document-glyph-id	25	194	fstec-methodology-2026-04-12.pdf,fstec-security-update-testing-2022.pdf,fstec-vulnerability-management-2023.pdf	
times-regular	170	U+00BB	»	cross-document-glyph-id	25	194	fstec-methodology-2026-04-12.pdf,fstec-security-update-testing-2022.pdf,fstec-vulnerability-management-2023.pdf	
times-regular	177	U+2013	–	cross-document-glyph-id	8	81	fstec-methodology-2026-04-12.pdf,fstec-security-update-testing-2022.pdf,fstec-vulnerability-management-2023.pdf	
times-regular	178	U+2014	—	manual-pinned-page	1	0		"Pinned visual exception: fstec-linux-2022.pdf page 2, ""(далее — операционные системы Linux)""."
times-regular	570	U+0410	А	cross-document-glyph-id	9	120	fstec-methodology-2026-04-12.pdf,fstec-security-update-testing-2022.pdf,fstec-vulnerability-management-2023.pdf	
times-regular	571	U+0411	Б	cross-document-glyph-id	55	77	fstec-methodology-2026-04-12.pdf,fstec-security-update-testing-2022.pdf,fstec-vulnerability-management-2023.pdf	
times-regular	572	U+0412	В	cross-document-glyph-id	104	372	fstec-methodology-2026-04-12.pdf,fstec-security-update-testing-2022.pdf,fstec-vulnerability-management-2023.pdf	
times-regular	573	U+0413	Г	cross-document-glyph-id	2	25	fstec-methodology-2026-04-12.pdf,fstec-security-update-testing-2022.pdf,fstec-vulnerability-management-2023.pdf	
times-regular	574	U+0414	Д	cross-document-glyph-id	78	190	fstec-methodology-2026-04-12.pdf,fstec-security-update-testing-2022.pdf,fstec-vulnerability-management-2023.pdf	
times-regular	575	U+0415	Е	cross-document-glyph-id	45	24	fstec-methodology-2026-04-12.pdf,fstec-security-update-testing-2022.pdf,fstec-vulnerability-management-2023.pdf	
times-regular	576	U+0416	Ж	cross-document-glyph-id	4	4	fstec-methodology-2026-04-12.pdf,fstec-security-update-testing-2022.pdf,fstec-vulnerability-management-2023.pdf	
times-regular	577	U+0417	З	cross-document-glyph-id	20	301	fstec-methodology-2026-04-12.pdf,fstec-security-update-testing-2022.pdf,fstec-vulnerability-management-2023.pdf	
times-regular	578	U+0418	И	cross-document-glyph-id	180	287	fstec-methodology-2026-04-12.pdf,fstec-security-update-testing-2022.pdf,fstec-vulnerability-management-2023.pdf	
times-regular	579	U+0419	Й	cross-document-glyph-id	2	2	fstec-security-update-testing-2022.pdf,fstec-vulnerability-management-2023.pdf	
times-regular	580	U+041A	К	cross-document-glyph-id	42	564	fstec-methodology-2026-04-12.pdf,fstec-security-update-testing-2022.pdf,fstec-vulnerability-management-2023.pdf	
times-regular	581	U+041B	Л	cross-document-glyph-id	6	13	fstec-methodology-2026-04-12.pdf,fstec-security-update-testing-2022.pdf,fstec-vulnerability-management-2023.pdf	
times-regular	582	U+041C	М	cross-document-glyph-id	64	221	fstec-methodology-2026-04-12.pdf,fstec-security-update-testing-2022.pdf,fstec-vulnerability-management-2023.pdf	
times-regular	583	U+041D	Н	cross-document-glyph-id	62	165	fstec-methodology-2026-04-12.pdf,fstec-security-update-testing-2022.pdf,fstec-vulnerability-management-2023.pdf	
times-regular	584	U+041E	О	cross-document-glyph-id	83	325	fstec-methodology-2026-04-12.pdf,fstec-security-update-testing-2022.pdf,fstec-vulnerability-management-2023.pdf	
times-regular	585	U+041F	П	cross-document-glyph-id	239	332	fstec-methodology-2026-04-12.pdf,fstec-security-update-testing-2022.pdf,fstec-vulnerability-management-2023.pdf	
times-regular	586	U+0420	Р	cross-document-glyph-id	52	245	fstec-methodology-2026-04-12.pdf,fstec-security-update-testing-2022.pdf,fstec-vulnerability-management-2023.pdf	
times-regular	587	U+0421	С	cross-document-glyph-id	202	280	fstec-methodology-2026-04-12.pdf,fstec-security-update-testing-2022.pdf,fstec-vulnerability-management-2023.pdf	
times-regular	588	U+0422	Т	cross-document-glyph-id	36	198	fstec-methodology-2026-04-12.pdf,fstec-security-update-testing-2022.pdf,fstec-vulnerability-management-2023.pdf	
times-regular	589	U+0423	У	cross-document-glyph-id	82	338	fstec-methodology-2026-04-12.pdf,fstec-security-update-testing-2022.pdf,fstec-vulnerability-management-2023.pdf	
times-regular	590	U+0424	Ф	cross-document-glyph-id	29	144	fstec-methodology-2026-04-12.pdf,fstec-security-update-testing-2022.pdf,fstec-vulnerability-management-2023.pdf	
times-regular	591	U+0425	Х	cross-document-glyph-id	2	3	fstec-methodology-2026-04-12.pdf,fstec-security-update-testing-2022.pdf,fstec-vulnerability-management-2023.pdf	
times-regular	593	U+0427	Ч	cross-document-glyph-id	4	7	fstec-methodology-2026-04-12.pdf,fstec-security-update-testing-2022.pdf,fstec-vulnerability-management-2023.pdf	
times-regular	598	U+042C	Ь	cross-document-glyph-id	2	3	fstec-methodology-2026-04-12.pdf,fstec-security-update-testing-2022.pdf,fstec-vulnerability-management-2023.pdf	
times-regular	599	U+042D	Э	cross-document-glyph-id	23	95	fstec-methodology-2026-04-12.pdf,fstec-security-update-testing-2022.pdf,fstec-vulnerability-management-2023.pdf	
times-regular	600	U+042E	Ю	cross-document-glyph-id	2	3	fstec-methodology-2026-04-12.pdf,fstec-security-update-testing-2022.pdf,fstec-vulnerability-management-2023.pdf	
times-regular	601	U+042F	Я	cross-document-glyph-id	2	3	fstec-methodology-2026-04-12.pdf,fstec-security-update-testing-2022.pdf,fstec-vulnerability-management-2023.pdf	
times-regular	602	U+0430	а	cross-document-glyph-id	4017	24166	fstec-methodology-2026-04-12.pdf,fstec-security-update-testing-2022.pdf,fstec-vulnerability-management-2023.pdf	
times-regular	603	U+0431	б	cross-document-glyph-id	641	4237	fstec-methodology-2026-04-12.pdf,fstec-security-update-testing-2022.pdf,fstec-vulnerability-management-2023.pdf	
times-regular	604	U+0432	в	cross-document-glyph-id	2321	13023	fstec-methodology-2026-04-12.pdf,fstec-security-update-testing-2022.pdf,fstec-vulnerability-management-2023.pdf	
times-regular	605	U+0433	г	cross-document-glyph-id	645	3453	fstec-methodology-2026-04-12.pdf,fstec-security-update-testing-2022.pdf,fstec-vulnerability-management-2023.pdf	
times-regular	606	U+0434	д	cross-document-glyph-id	1230	7589	fstec-methodology-2026-04-12.pdf,fstec-security-update-testing-2022.pdf,fstec-vulnerability-management-2023.pdf	
times-regular	607	U+0435	е	cross-document-glyph-id	4596	28370	fstec-methodology-2026-04-12.pdf,fstec-security-update-testing-2022.pdf,fstec-vulnerability-management-2023.pdf	
times-regular	608	U+0436	ж	cross-document-glyph-id	317	2100	fstec-methodology-2026-04-12.pdf,fstec-security-update-testing-2022.pdf,fstec-vulnerability-management-2023.pdf	
times-regular	609	U+0437	з	cross-document-glyph-id	1349	6229	fstec-methodology-2026-04-12.pdf,fstec-security-update-testing-2022.pdf,fstec-vulnerability-management-2023.pdf	
times-regular	610	U+0438	и	cross-document-glyph-id	5666	34085	fstec-methodology-2026-04-12.pdf,fstec-security-update-testing-2022.pdf,fstec-vulnerability-management-2023.pdf	
times-regular	611	U+0439	й	cross-document-glyph-id	949	4649	fstec-methodology-2026-04-12.pdf,fstec-security-update-testing-2022.pdf,fstec-vulnerability-management-2023.pdf	
times-regular	612	U+043A	к	cross-document-glyph-id	1404	7081	fstec-methodology-2026-04-12.pdf,fstec-security-update-testing-2022.pdf,fstec-vulnerability-management-2023.pdf	
times-regular	613	U+043B	л	cross-document-glyph-id	1680	10192	fstec-methodology-2026-04-12.pdf,fstec-security-update-testing-2022.pdf,fstec-vulnerability-management-2023.pdf	
times-regular	614	U+043C	м	cross-document-glyph-id	2221	11621	fstec-methodology-2026-04-12.pdf,fstec-security-update-testing-2022.pdf,fstec-vulnerability-management-2023.pdf	
times-regular	615	U+043D	н	cross-document-glyph-id	4403	28241	fstec-methodology-2026-04-12.pdf,fstec-security-update-testing-2022.pdf,fstec-vulnerability-management-2023.pdf	
times-regular	616	U+043E	о	cross-document-glyph-id	5776	33446	fstec-methodology-2026-04-12.pdf,fstec-security-update-testing-2022.pdf,fstec-vulnerability-management-2023.pdf	
times-regular	617	U+043F	п	cross-document-glyph-id	1760	10372	fstec-methodology-2026-04-12.pdf,fstec-security-update-testing-2022.pdf,fstec-vulnerability-management-2023.pdf	
times-regular	618	U+0440	р	cross-document-glyph-id	2976	18132	fstec-methodology-2026-04-12.pdf,fstec-security-update-testing-2022.pdf,fstec-vulnerability-management-2023.pdf	
times-regular	619	U+0441	с	cross-document-glyph-id	3231	19285	fstec-methodology-2026-04-12.pdf,fstec-security-update-testing-2022.pdf,fstec-vulnerability-management-2023.pdf	
times-regular	620	U+0442	т	cross-document-glyph-id	3274	19673	fstec-methodology-2026-04-12.pdf,fstec-security-update-testing-2022.pdf,fstec-vulnerability-management-2023.pdf	
times-regular	621	U+0443	у	cross-document-glyph-id	1506	6996	fstec-methodology-2026-04-12.pdf,fstec-security-update-testing-2022.pdf,fstec-vulnerability-management-2023.pdf	
times-regular	622	U+0444	ф	cross-document-glyph-id	544	3725	fstec-methodology-2026-04-12.pdf,fstec-security-update-testing-2022.pdf,fstec-vulnerability-management-2023.pdf	
times-regular	623	U+0445	х	cross-document-glyph-id	853	4409	fstec-methodology-2026-04-12.pdf,fstec-security-update-testing-2022.pdf,fstec-vulnerability-management-2023.pdf	
times-regular	624	U+0446	ц	cross-document-glyph-id	696	4945	fstec-methodology-2026-04-12.pdf,fstec-security-update-testing-2022.pdf,fstec-vulnerability-management-2023.pdf	
times-regular	625	U+0447	ч	cross-document-glyph-id	492	3069	fstec-methodology-2026-04-12.pdf,fstec-security-update-testing-2022.pdf,fstec-vulnerability-management-2023.pdf	
times-regular	626	U+0448	ш	cross-document-glyph-id	95	598	fstec-methodology-2026-04-12.pdf,fstec-security-update-testing-2022.pdf,fstec-vulnerability-management-2023.pdf	
times-regular	627	U+0449	щ	cross-document-glyph-id	215	2353	fstec-methodology-2026-04-12.pdf,fstec-security-update-testing-2022.pdf,fstec-vulnerability-management-2023.pdf	
times-regular	628	U+044A	ъ	cross-document-glyph-id	12	393	fstec-methodology-2026-04-12.pdf,fstec-security-update-testing-2022.pdf,fstec-vulnerability-management-2023.pdf	
times-regular	629	U+044B	ы	cross-document-glyph-id	1195	6975	fstec-methodology-2026-04-12.pdf,fstec-security-update-testing-2022.pdf,fstec-vulnerability-management-2023.pdf	
times-regular	630	U+044C	ь	cross-document-glyph-id	470	3227	fstec-methodology-2026-04-12.pdf,fstec-security-update-testing-2022.pdf,fstec-vulnerability-management-2023.pdf	
times-regular	631	U+044D	э	cross-document-glyph-id	34	349	fstec-methodology-2026-04-12.pdf,fstec-security-update-testing-2022.pdf,fstec-vulnerability-management-2023.pdf	
times-regular	632	U+044E	ю	cross-document-glyph-id	246	1718	fstec-methodology-2026-04-12.pdf,fstec-security-update-testing-2022.pdf,fstec-vulnerability-management-2023.pdf	
times-regular	633	U+044F	я	cross-document-glyph-id	1322	6525	fstec-methodology-2026-04-12.pdf,fstec-security-update-testing-2022.pdf,fstec-vulnerability-management-2023.pdf	
times-regular	634	U+0451	ё	cross-document-glyph-id	40	7	fstec-methodology-2026-04-12.pdf,fstec-security-update-testing-2022.pdf,fstec-vulnerability-management-2023.pdf	
times-regular	651	U+2116	№	cross-document-glyph-id	11	46	fstec-methodology-2026-04-12.pdf,fstec-security-update-testing-2022.pdf,fstec-vulnerability-management-2023.pdf	
