function_id	name	start_line	end_line	segment_sha256	adoption_class	adoption_note
FUNC-0001	usage	185	214	b896d607b446f4d889a1d292efb9fea51bc4af6b8458a3c8327f9a4ae966dc5b	pending-review	not yet reviewed for a v3 invariant; absence of a contract is NOT a decision that none is needed
FUNC-0002	log	215	225	be31ce33b47c53f895615da7124a8c4ae5ac676893ae0ac84ed6c2c66f466687	pending-review	not yet reviewed for a v3 invariant; absence of a contract is NOT a decision that none is needed
FUNC-0003	log_debug	226	232	13c585071ccc8ea07b545619bc788ca13d8ff513020eb206c0fbe51363637d80	pending-review	not yet reviewed for a v3 invariant; absence of a contract is NOT a decision that none is needed
FUNC-0004	die	233	237	225503d9ffe22a35f38525e10f96b2aacc90473d3c3536d003e68928181d53a2	pending-review	not yet reviewed for a v3 invariant; absence of a contract is NOT a decision that none is needed
FUNC-0005	add_warning	238	238	3db8999a2fd83f8056ddaafd1481d21717373f8373a19229c652d10fdd05de6d	pending-review	not yet reviewed for a v3 invariant; absence of a contract is NOT a decision that none is needed
FUNC-0006	add_restore_irreversible	239	241	9bb69d687157c2d2f826f388c9a27d7b064181e6db1c898eecf25cdda4e1bfab	contracted	named as evidence_function in ENGINEERING-CONTRACTS.tsv
FUNC-0007	add_error	242	242	6164fb99e415e135b0e996439d2d0df1d8bb079e72a745e32837e3a1195b79b5	pending-review	not yet reviewed for a v3 invariant; absence of a contract is NOT a decision that none is needed
FUNC-0008	add_safe	243	243	a744841d94537b0823f0ca5a46f18b5e5e3172a97040e0edbf9f9c0abda5f147	pending-review	not yet reviewed for a v3 invariant; absence of a contract is NOT a decision that none is needed
FUNC-0009	add_risky	244	244	7c17a4ce81d95cfcc13cf8d03d4204375eddfe5b87cc0f1145fa77ccc9f0b8c1	pending-review	not yet reviewed for a v3 invariant; absence of a contract is NOT a decision that none is needed
FUNC-0010	add_skipped	245	245	d183b941f4d43e3d109925a0c8bdcd6767590ae7c65f72f7bb847fbf4b9381e9	pending-review	not yet reviewed for a v3 invariant; absence of a contract is NOT a decision that none is needed
FUNC-0011	add_policy_gate	246	250	d2999bc7c6890187c47ad801f3eb6b3c8b138193186a9daa57ba2bec0701f0d2	pending-review	not yet reviewed for a v3 invariant; absence of a contract is NOT a decision that none is needed
FUNC-0012	validate_managed_file_hardlinks	251	300	55f67d03f7d4eb95858ef5d6f416300d00a4970ccd275bf5a39966eae8cee049	pending-review	not yet reviewed for a v3 invariant; absence of a contract is NOT a decision that none is needed
FUNC-0013	backup_file_checked	301	323	bf82848c4791cf2423befd2ca2582729919f6f5238e54c545ffa91049ec6c26b	contracted	named as evidence_function in ENGINEERING-CONTRACTS.tsv
FUNC-0014	atomic_write_command_output	324	602	fd88b41475a84472327bfc2935fd49e2d01c0a75a88d20485d9c0d713e125208	contracted	named as evidence_function in ENGINEERING-CONTRACTS.tsv
FUNC-0015	acquire_run_lock	603	616	1144a66ef3b49c1ec3c52f9404a43cb59399343c7f56ba8fddd6566f04b52197	contracted	named as evidence_function in ENGINEERING-CONTRACTS.tsv
FUNC-0016	profile_allows	617	633	b3faa503980cf8321fde27ca566728d6781aafd034f97f9f1f8882b71df54046	contracted	named as evidence_function in ENGINEERING-CONTRACTS.tsv
FUNC-0017	record_manifest_warning	634	661	00d2a8faef0088456210704efcc049bf9cd190d91380e83646355426c7c678a2	pending-review	not yet reviewed for a v3 invariant; absence of a contract is NOT a decision that none is needed
FUNC-0018	record_manifest_modified_file	662	691	63e4c7309768f9ea8d953803cf6c9d16c81cb5d2f0b00e449223845f58e2d971	pending-review	not yet reviewed for a v3 invariant; absence of a contract is NOT a decision that none is needed
FUNC-0019	record_manifest_modified_file_best_effort	692	704	f7dabb377f7d58a9538f70422a6436129323894781ec512a23e0dd30ff4aea8b	pending-review	not yet reviewed for a v3 invariant; absence of a contract is NOT a decision that none is needed
FUNC-0020	record_manifest_backup	705	798	81008a533614a7b00552216e7235c124142eac0d316f0b1c96c7efa5fec768ef	pending-review	not yet reviewed for a v3 invariant; absence of a contract is NOT a decision that none is needed
FUNC-0021	remove_manifest_backup	799	917	fcfcd10056b93aa9516675ca213246f1c875f0d76f19750fc5ce629628d4dce9	pending-review	not yet reviewed for a v3 invariant; absence of a contract is NOT a decision that none is needed
FUNC-0022	manifest_has_backup_for	918	930	7beea62b58f01aafc3a9c3fb8eb30a6c4a638596d2efbb0f82596c590d2ee100	pending-review	not yet reviewed for a v3 invariant; absence of a contract is NOT a decision that none is needed
FUNC-0023	update_manifest_created_file_state	931	1013	bec9e6d4742e21ebe01816aa80c2256e38e18c43f1cd4952da46f377029a4212	pending-review	not yet reviewed for a v3 invariant; absence of a contract is NOT a decision that none is needed
FUNC-0024	record_manifest_pending_created_file	1014	1020	43847e403aa2f0304e2ce47d624ac39b910e2e0a6a284b5c3db571206a4b681b	pending-review	not yet reviewed for a v3 invariant; absence of a contract is NOT a decision that none is needed
FUNC-0025	record_manifest_created_file	1021	1027	b690b04dc54a26ec6af344c2dce50de4be9137d9985528db9841869917a55e95	pending-review	not yet reviewed for a v3 invariant; absence of a contract is NOT a decision that none is needed
FUNC-0026	prepare_created_file_transaction	1028	1045	b5170479dcb5e09f06798c67edce8cd640ae51c848fc32d51a4cc19ebbc54763	contracted	named as evidence_function in ENGINEERING-CONTRACTS.tsv
FUNC-0027	record_manifest_apply_report	1046	1073	bc8d6d1ea87acbc0e9616a7118ea4721a3cd0bd5f4e352e0fb2a2da7bc134c56	pending-review	not yet reviewed for a v3 invariant; absence of a contract is NOT a decision that none is needed
FUNC-0028	record_manifest_irreversible_change	1074	1102	a64c3e7ae5a316e277cd5e00a4a5c081e7ab8bed06d16a594f30ae1cd12ead17	pending-review	not yet reviewed for a v3 invariant; absence of a contract is NOT a decision that none is needed
FUNC-0029	record_manifest_installed_package	1103	1159	3caf0f23d8eb71469215ba6c6fbd4ae655e4d2ec814513df3932324ac548f625	pending-review	not yet reviewed for a v3 invariant; absence of a contract is NOT a decision that none is needed
FUNC-0030	record_manifest_pending_package_transaction	1160	1252	21b6aa7bfbc84bab96f6467859ac6baab9058d832a9d3aa39e7d74f61ae8859b	pending-review	not yet reviewed for a v3 invariant; absence of a contract is NOT a decision that none is needed
FUNC-0031	commit_manifest_package_transaction	1253	1395	c48f5dc74361eccd17e85acded380b836f866bfcbc49ddc8224c5a165735c964	pending-review	not yet reviewed for a v3 invariant; absence of a contract is NOT a decision that none is needed
FUNC-0032	record_manifest_module_restore_required	1396	1460	60cbfbc45201b47dac79067a6fd5e336709e52c19ef3e3666acdccd3cbc2b4c4	pending-review	not yet reviewed for a v3 invariant; absence of a contract is NOT a decision that none is needed
FUNC-0033	record_manifest_firewall_state	1461	1557	3bcb8137e22d0a21913203ee3faaf2d4d6a5b6de5b892c41e0e246fa4339c650	pending-review	not yet reviewed for a v3 invariant; absence of a contract is NOT a decision that none is needed
FUNC-0034	restore_manifest_firewall_state	1558	1634	f10bdbeb1183f802c12a80c0953991557359cc7362d3dd0229f7de56dafb7a9f	pending-review	not yet reviewed for a v3 invariant; absence of a contract is NOT a decision that none is needed
FUNC-0035	record_manifest_empty_password_state	1635	1699	c984565cb69ab8391087e80003e752e4d27fe41f88df88a6a84e1ab27038e4fa	pending-review	not yet reviewed for a v3 invariant; absence of a contract is NOT a decision that none is needed
FUNC-0036	remove_manifest_empty_password_state	1700	1753	a22015651406be86f17e1cd377e3ae3539a82e8f285c1996457597ced51e7c17	pending-review	not yet reviewed for a v3 invariant; absence of a contract is NOT a decision that none is needed
FUNC-0037	restore_manifest_empty_password_state	1754	1836	21a8aaf9dfa6a28e3b963b737ca4e4027c3f0c07b5e02dd4871bcc470845afdf	pending-review	not yet reviewed for a v3 invariant; absence of a contract is NOT a decision that none is needed
FUNC-0038	restore_manifest_module_restore_required	1837	1901	0d0a5c7f0e5c1ad8ab16dc6e9234fd83e6495fea853ff7d8bffe4fd5d2299c09	pending-review	not yet reviewed for a v3 invariant; absence of a contract is NOT a decision that none is needed
FUNC-0039	restore_manifest_has_backup_for	1902	1912	85f60ef655a5ec42cbb3e3fb762691c7215ce1808127f0c3c099b4f377719a08	pending-review	not yet reviewed for a v3 invariant; absence of a contract is NOT a decision that none is needed
FUNC-0040	restore_fstab_module_if_required	1913	1973	50ebcf26009d43cc5436825b76bc2bd5c43eae0446692fc5bfa94e6e498d2b66	evidence-only	named as source_function in RAW-EVIDENCE.tsv only
FUNC-0041	snapshot_installed_packages	1974	2008	3efa8c3852e698eee6e22d74826a9adc6f18d376b6f19f4429a9e63f5b9e8c8d	contracted	named as evidence_function in ENGINEERING-CONTRACTS.tsv
FUNC-0042	record_newly_installed_packages	2009	2059	fdd9ebc9779a55b1e6245148c58990d86088f235c785684432531a992faa6a16	contracted	named as evidence_function in ENGINEERING-CONTRACTS.tsv
FUNC-0043	install_packages_transactionally	2060	2103	194d3e4af17b4bd644f0421a377767d1081dc0d99b5a551bcb7d44b42b11ad32	evidence-only	named as source_function in RAW-EVIDENCE.tsv only
FUNC-0044	collect_manifest_package_candidates	2104	2239	41159ea97bdbd5066ae6cb14b3eeee64e7da18eb619ff84cae48f0365b19601a	evidence-only	named as source_function in RAW-EVIDENCE.tsv only
FUNC-0045	restore_installed_packages	2240	2294	5f5d3f1a657ee6a643072a7d4efb3d7042334aff3381a36ea6c19661bbfb5028	contracted	named as evidence_function in ENGINEERING-CONTRACTS.tsv
FUNC-0046	report_installed_packages_for_manual_restore	2295	2331	3259155869916177e8b7d331a1ae509e81da0bfee736908aa7a58f77a7f3a0d1	evidence-only	named as source_function in RAW-EVIDENCE.tsv only
FUNC-0047	runtime_paths_scan	2332	2375	7f13cd4d8c0a7eb0a2dea9d22483a1d7931cd3a0a8a7364a880081f0698b77b5	pending-review	not yet reviewed for a v3 invariant; absence of a contract is NOT a decision that none is needed
FUNC-0048	check_runtime_paths_module	2376	2463	9dc8c138b6f375e4fe9cb369787418255df2fe7be20c2accc440bd971a59a17f	pending-review	not yet reviewed for a v3 invariant; absence of a contract is NOT a decision that none is needed
FUNC-0049	check_sudo_command_paths_module	2464	2538	b26960c7c2d343451432beb013d0a2d7d8d0d8587729c62bc1451bb01eba1123	pending-review	not yet reviewed for a v3 invariant; absence of a contract is NOT a decision that none is needed
FUNC-0050	apply_runtime_paths_module	2539	2619	63257b0b4d0359df4d15788a772b6bcb8b50dd0ee70ec43bb70453d54bd429c1	candidate	named as source_function in SEMANTIC-CANDIDATES.tsv
FUNC-0051	record_sudo_command_check_results	2620	2630	0509407ade1610b240c98bd3ba0bb2bfc6bc5cf75b732db3fea07f3c2e6843f5	pending-review	not yet reviewed for a v3 invariant; absence of a contract is NOT a decision that none is needed
FUNC-0052	sysctl_kernel_check_module	2631	2671	7945524105ffee7fc5f62f0181250969ecc4e55d9fb7502f007133093bd57e68	pending-review	not yet reviewed for a v3 invariant; absence of a contract is NOT a decision that none is needed
FUNC-0053	record_sysctl_kernel_check_results	2672	2682	8efa32f38e5e0460bbdb40314b14fcb7f52e3d35972a74a90c1c9e202158821d	pending-review	not yet reviewed for a v3 invariant; absence of a contract is NOT a decision that none is needed
FUNC-0054	grub_kernel_params_check_module	2683	2722	a35a129f531149d08d99c31bb10e9000838a05fe6e2c96a757a3c0d528d8ed71	pending-review	not yet reviewed for a v3 invariant; absence of a contract is NOT a decision that none is needed
FUNC-0055	record_grub_kernel_params_check_results	2723	2733	3feed969c400e26a1ce007e2e5af12b9c0d1f670950260e5c9734fe5bfa7745e	pending-review	not yet reviewed for a v3 invariant; absence of a contract is NOT a decision that none is needed
FUNC-0056	sysctl_attack_surface_check_module	2734	2816	eb29b9e8d966556339f30ba402f4800231aa3c272fac1d5f2b3dd2205ecd1bc6	pending-review	not yet reviewed for a v3 invariant; absence of a contract is NOT a decision that none is needed
FUNC-0057	record_sysctl_attack_surface_check_results	2817	2827	65f963e50f1ca9f90ce50cd82b2e510c0d41640b1be6a442bb9ec3de552de3af	pending-review	not yet reviewed for a v3 invariant; absence of a contract is NOT a decision that none is needed
FUNC-0058	sysctl_userspace_protection_check_module	2828	2878	bbf81526e8381832945d8e98a8568da01ddd36f8cb68645b204874f6a8a9ce01	pending-review	not yet reviewed for a v3 invariant; absence of a contract is NOT a decision that none is needed
FUNC-0059	record_sysctl_userspace_protection_check_results	2879	2889	cd455bc784f15e4d96e19711411f6399d81c94c511e1cc2c94b4c976f9fc3ee1	pending-review	not yet reviewed for a v3 invariant; absence of a contract is NOT a decision that none is needed
FUNC-0060	home_targets_scan	2890	2902	5819edfea387c7e09e482f9d77f275db572a668b7cd9e0d45bd21574714704dd	pending-review	not yet reviewed for a v3 invariant; absence of a contract is NOT a decision that none is needed
FUNC-0061	check_home_permissions_module	2903	2960	e5ecb5af99bde99d6b1942b730d48c0112dff6e40c8a5352f1ee0f44ff132750	pending-review	not yet reviewed for a v3 invariant; absence of a contract is NOT a decision that none is needed
FUNC-0062	record_home_permissions_check_results	2961	2971	bb5fb94cfb2ed1908121592c5ee44f66424c9cfa73fa64e4876dcfd0ca9c10fe	pending-review	not yet reviewed for a v3 invariant; absence of a contract is NOT a decision that none is needed
FUNC-0063	check_user_cron_permissions_module	2972	3008	e761fd0d7931f9bd82a8a1b81cdf9beac7f7e3237a6bf050086882e579e8330f	pending-review	not yet reviewed for a v3 invariant; absence of a contract is NOT a decision that none is needed
FUNC-0064	record_user_cron_permissions_check_results	3009	3019	24a991876df88e27b804045f941bd752a6513c2ca23426a901f169cc7bf22c7e	pending-review	not yet reviewed for a v3 invariant; absence of a contract is NOT a decision that none is needed
FUNC-0065	check_cron_command_paths_module	3020	3098	b306dfa9e474121ba2a5f10a16cbfb6dcbf66683116179cfe7cc21c11a1d3e1b	pending-review	not yet reviewed for a v3 invariant; absence of a contract is NOT a decision that none is needed
FUNC-0066	record_cron_command_paths_check_results	3099	3109	903bf95ce32124510353c37e0605435964794aa9c36a696e7b7b6d8ead29a80d	pending-review	not yet reviewed for a v3 invariant; absence of a contract is NOT a decision that none is needed
FUNC-0067	apply_cron_command_paths_module	3110	3190	736392898a0caa97db3fdba5c1f665bce55f1c0c884580f9f0c228bbfdc6541d	candidate	named as source_function in SEMANTIC-CANDIDATES.tsv
FUNC-0068	check_standard_system_paths_module	3191	3266	56ea23dad0ad32480637277c38df0c1bd7da7db82c74d142277ed015af139e8a	pending-review	not yet reviewed for a v3 invariant; absence of a contract is NOT a decision that none is needed
FUNC-0069	record_standard_system_paths_check_results	3267	3277	3ceadb19c0faa5763deeef0610f36041a8cec0ae1916cb7f845d068a1bc2492b	pending-review	not yet reviewed for a v3 invariant; absence of a contract is NOT a decision that none is needed
FUNC-0070	apply_standard_system_paths_module	3278	3358	88d8cf2bed0f436dbe07f1c88435726a49b80b46ab9098b834121845f67f59e8	candidate	named as source_function in SEMANTIC-CANDIDATES.tsv
FUNC-0071	check_suid_sgid_module	3359	3414	b3aa8ab67f28db0bc4006b4dd7b851bb89588a9cae363d3aea4fe0c7c9a5adcc	pending-review	not yet reviewed for a v3 invariant; absence of a contract is NOT a decision that none is needed
FUNC-0072	record_suid_sgid_check_results	3415	3425	6508862eef3ebe365d0d16bd8bd4f840799206d2e7f34b30655302bd5d277385	pending-review	not yet reviewed for a v3 invariant; absence of a contract is NOT a decision that none is needed
FUNC-0073	apply_suid_sgid_module	3426	3516	84bd7a326a91ae4f830cdaffb08986b2f093432a194d17951f0fe1d33c3652b5	candidate	named as source_function in SEMANTIC-CANDIDATES.tsv
FUNC-0074	apply_user_cron_permissions_module	3517	3613	f9218538ae1fb1a5609617f713c6889c264c2dc0220c1fba95505879569d1ea3	candidate	named as source_function in SEMANTIC-CANDIDATES.tsv
FUNC-0075	apply_home_permissions_module	3614	3721	96c231f9bc45e66afdce96216322d7f45c88fd2acd490239e4cfc8bd9ad2f5cd	candidate	named as source_function in SEMANTIC-CANDIDATES.tsv
FUNC-0076	preserve_stricter_sysctl_values	3722	3781	9e2f5071fdb2beed43b50f97c1c4c9e5f6f1788fec70635fb0a6f325cc85ab1c	contracted	named as evidence_function in ENGINEERING-CONTRACTS.tsv
FUNC-0077	record_sysctl_runtime_snapshot	3782	3944	711988f7df72aa5908b915b7dffa6b070fd3dc89ca44bb1ff8ae9af57c52d8c9	contracted	named as evidence_function in ENGINEERING-CONTRACTS.tsv
FUNC-0078	restore_sysctl_runtime_snapshot	3945	4344	8cb45d2ed8db0a5e170a39e23b3737675a33789b331b884aec3739ed93f138ca	contracted	named as evidence_function in ENGINEERING-CONTRACTS.tsv
FUNC-0079	check_sysctl_userspace_apport_dropin	4345	4384	a348606d4c67c8d58762c5bf64ee9f36e08f9a5bc1ec268d759ee820594daa10	evidence-only	named as source_function in RAW-EVIDENCE.tsv only
FUNC-0080	apply_sysctl_userspace_apport_dropin	4385	4517	0365174c047af523047ca76bcfbcc97a3c125ebf758c44674f4e8180538b4ae2	evidence-only	named as source_function in RAW-EVIDENCE.tsv only
FUNC-0081	restore_sysctl_userspace_apport_dropin	4518	4558	3c427da1ea222489694399717d597462ed691eb2912264faff1478f7223b7409	evidence-only	named as source_function in RAW-EVIDENCE.tsv only
FUNC-0082	apply_sysctl_userspace_protection_module	4559	4725	65c4141dd2382ad20c97e5726a401a9d762b625b893606b8dea6f1e74deb826e	pending-review	not yet reviewed for a v3 invariant; absence of a contract is NOT a decision that none is needed
FUNC-0083	restore_sysctl_userspace_protection_module	4726	4747	6593abb3ee061781072ade8fcc973beabf73e9b4ace00a9234cf54fb23808eee	pending-review	not yet reviewed for a v3 invariant; absence of a contract is NOT a decision that none is needed
FUNC-0084	apply_sysctl_attack_surface_module	4748	4984	afbad8f411ef95d7a24469a3e88edeaafa6e01718f4953f983fc1ee54aaa4cb9	pending-review	not yet reviewed for a v3 invariant; absence of a contract is NOT a decision that none is needed
FUNC-0085	restore_sysctl_attack_surface_module	4985	4999	4d73f407c1b774def065c1a8d6255bb47019a6a5b6907b0dc46f2c67b7d5f78a	pending-review	not yet reviewed for a v3 invariant; absence of a contract is NOT a decision that none is needed
FUNC-0086	check_modules_disabled_module	5000	5005	923c48faafe6d9e9d9d33572c2837ea0eee9989c70d270b79068c97d0b37b6b4	pending-review	not yet reviewed for a v3 invariant; absence of a contract is NOT a decision that none is needed
FUNC-0087	apply_modules_disabled_module	5006	5012	0308092a61bc4f5bc224829e8df2c11f2ef9bb965545d842605252b5e2a90462	pending-review	not yet reviewed for a v3 invariant; absence of a contract is NOT a decision that none is needed
FUNC-0088	restore_modules_disabled_module	5013	5027	7e9d4ae7d46f5ddde6fe3340113a845bdfa8e416948f1dd3ac49e241fe28bbeb	pending-review	not yet reviewed for a v3 invariant; absence of a contract is NOT a decision that none is needed
FUNC-0089	apply_grub_kernel_params_module	5028	5219	eebb82aa9b92ea9bec297b8bf96f08745e960de1193dfca8ebf414e4defe807d	candidate	named as source_function in SEMANTIC-CANDIDATES.tsv
FUNC-0090	restore_grub_module	5220	5273	f220d0961344d1ef4ff818002b3f1beaf0d0e0644bcd6219fe5862e26e650c3f	evidence-only	named as source_function in RAW-EVIDENCE.tsv only
FUNC-0091	apply_sysctl_kernel_module	5274	5420	786d22ecf7f8f510653f7ae3a7c89d2c6c4e098ca2413f7879014dc2754f73b8	contracted	named as evidence_function in ENGINEERING-CONTRACTS.tsv
FUNC-0092	restore_sysctl_kernel_module	5421	5435	1b01da4d2473b4d3ae1bbb7b3105a7c4d3d1f48548b47af9b6c765448ec5c07b	pending-review	not yet reviewed for a v3 invariant; absence of a contract is NOT a decision that none is needed
FUNC-0093	sysctl_network_check_module	5436	5486	91fb38ce1b7adaeee58cd11270312f8a6e06de849dfeb734c99f659d7813cb11	pending-review	not yet reviewed for a v3 invariant; absence of a contract is NOT a decision that none is needed
FUNC-0094	record_sysctl_network_check_results	5487	5495	f9ccdabc7e188a0a1a340800c140ea8c014a5b22a65a519403d95e543cb2877a	pending-review	not yet reviewed for a v3 invariant; absence of a contract is NOT a decision that none is needed
FUNC-0095	read_systemd_unit_enabled_state	5496	5530	3e189a1178251916c74447582e470f58f477b04db034813ee36eb5ae23674be1	evidence-only	named as source_function in RAW-EVIDENCE.tsv only
FUNC-0096	read_systemd_unit_active_state	5531	5569	4c5a5288247d6084d070291dcd465a6ef9bd9d9ba164c76cf70991ec4cd15317	evidence-only	named as source_function in RAW-EVIDENCE.tsv only
FUNC-0097	record_manifest_pending_service_transaction	5570	5671	d6a94af2c87ea1abc1a29206532998775ba14455f6719fc6bd4333f0a2fb8cac	pending-review	not yet reviewed for a v3 invariant; absence of a contract is NOT a decision that none is needed
FUNC-0098	commit_manifest_service_transaction	5672	5751	4b43b4c05b68eb8740db7419e464fbc2839036886ac5c7ff2db0b2d9fdccdfc4	pending-review	not yet reviewed for a v3 invariant; absence of a contract is NOT a decision that none is needed
FUNC-0099	restore_manifest_service_transaction	5752	5825	831bfd3c50914653fcab8724e3b43c478231a7d51fb816dbfcc17c386d1c9929	pending-review	not yet reviewed for a v3 invariant; absence of a contract is NOT a decision that none is needed
FUNC-0100	prepare_systemd_service_transaction	5826	5861	dc4fbd64021438165890a31594d204fd4824be811af7225904d71f23490781d3	pending-review	not yet reviewed for a v3 invariant; absence of a contract is NOT a decision that none is needed
FUNC-0101	commit_systemd_service_transaction	5862	5873	4c97071aeeab2e5c76bd92e712accd20f1dd61f6675cfb3c680a3fa0138d330c	pending-review	not yet reviewed for a v3 invariant; absence of a contract is NOT a decision that none is needed
FUNC-0102	restore_systemd_unit_exact_state	5874	5969	6ded0dfbe4bb6b6fc96ea1ddd03c9b32dab66eea11c3d8f5cc4a9184d30a701f	evidence-only	named as source_function in RAW-EVIDENCE.tsv only
FUNC-0103	restore_systemd_service_transaction	5970	6015	44fed7fb36472f73dec86cd77c2d43b91ca03378476e3a5f878359670ab0fa58	pending-review	not yet reviewed for a v3 invariant; absence of a contract is NOT a decision that none is needed
FUNC-0104	record_sysctl_unit_pre_state	6016	6135	122eec08336f1c9ac0fa183aa7dc92314f51a0a4f45e061f678ecb9da3cc4a85	pending-review	not yet reviewed for a v3 invariant; absence of a contract is NOT a decision that none is needed
FUNC-0105	restore_sysctl_unit_pre_state	6136	6214	0997413fc93bc1c5df291e5ace8416f19a1a9ff67eb2078eca396cded4e3b676	pending-review	not yet reviewed for a v3 invariant; absence of a contract is NOT a decision that none is needed
FUNC-0106	apply_sysctl_network_module	6215	6517	5ad6bf19f33f7969abc5463ade0dd72a2124fe76a5b042d009a60961b7e97802	candidate	named as source_function in SEMANTIC-CANDIDATES.tsv
FUNC-0107	restore_sysctl_network_module	6518	6615	9da82bb90699e7243231004f208f3c27547af2142f048a3d279633958696ad11	evidence-only	named as source_function in RAW-EVIDENCE.tsv only
FUNC-0108	apply_sudo_command_paths_module	6616	6694	f1740fe416c3ee98bc4fa73fe8e07b1f51709de43942e93e13cc5614885557c8	candidate	named as source_function in SEMANTIC-CANDIDATES.tsv
FUNC-0109	resolve_restore_manifest	6695	6749	e23f2406183db190e4b692ed052f0361ace6f1e7a8f89fc04367fe204cfa9015	contracted	named as evidence_function in ENGINEERING-CONTRACTS.tsv
FUNC-0110	restore_lookup_backup	6750	6807	3a490ac2b1a57f24e595cd972e928d97a16ece4ce23edaceed480a380c9dd29a	pending-review	not yet reviewed for a v3 invariant; absence of a contract is NOT a decision that none is needed
FUNC-0111	restore_has_created_file	6808	6871	c6b8ba72f3285232068ec3de69a4d1ab663a866bbe176ab2b024e4a2c36a14ea	pending-review	not yet reviewed for a v3 invariant; absence of a contract is NOT a decision that none is needed
FUNC-0112	restore_has_created_group	6872	6937	2b7dc83b1c622757f8525aec37cf80183b95d55ec45db6dabebb0dfafee46bc7	pending-review	not yet reviewed for a v3 invariant; absence of a contract is NOT a decision that none is needed
FUNC-0113	restore_file_from_manifest	6938	7020	9caf29630e37a59dad8130b0ce6f8fef764a37c892711c2741f6f4cf3d1ffca1	contracted	named as evidence_function in ENGINEERING-CONTRACTS.tsv
FUNC-0114	restore_ssh_root_login_module	7021	7024	41f9fb3c2d920be4d99289f1cddbebbaed91985950a153380d981cbf20e6ffd1	pending-review	not yet reviewed for a v3 invariant; absence of a contract is NOT a decision that none is needed
FUNC-0115	check_ssh_hardening_module	7025	7066	cf3434eaa7f4cc29941a8e29c3582ec1e5a4e9a19fdd637f3c9e704b9168d5fe	pending-review	not yet reviewed for a v3 invariant; absence of a contract is NOT a decision that none is needed
FUNC-0116	rollback_ssh_hardening_target	7067	7091	48074ad56dc31e405db17cbe85a8096e9fd79e38613bbc80e073a47af86ab9b2	pending-review	not yet reviewed for a v3 invariant; absence of a contract is NOT a decision that none is needed
FUNC-0117	apply_ssh_hardening_module	7092	7273	044ded761beeb58466df2ad0cec00802c13b65abfb2f35575ecca1a42817e0cc	candidate	named as source_function in SEMANTIC-CANDIDATES.tsv
FUNC-0118	restore_ssh_hardening_module	7274	7319	ff7d461575a73fb94e2ce48af1a5c96dbb361ee5aac3c63921660ea39c8e2327	pending-review	not yet reviewed for a v3 invariant; absence of a contract is NOT a decision that none is needed
FUNC-0119	render_account_audit_report	7320	7435	707be1a2f7d4680c64792ef1fdfff75201943ca75fd07b1282f9407826d1251e	evidence-only	named as source_function in RAW-EVIDENCE.tsv only
FUNC-0120	check_account_audit_module	7436	7476	2ba451a844b42ab1f88efd2366daec3a3ab6890906774da91fb44a119168f0cc	pending-review	not yet reviewed for a v3 invariant; absence of a contract is NOT a decision that none is needed
FUNC-0121	apply_account_audit_module	7477	7583	1c94e1a5ec5ed2484bc559247e1c5ae8a48e218e291187c4f441ca498ef32d66	pending-review	not yet reviewed for a v3 invariant; absence of a contract is NOT a decision that none is needed
FUNC-0122	restore_account_audit_module	7584	7623	79286761596774278ee8eacc12ba475f0098c62b2baf7713c58011f5c61713ee	pending-review	not yet reviewed for a v3 invariant; absence of a contract is NOT a decision that none is needed
FUNC-0123	check_apparmor_module	7624	7645	9eeba56a120ba728f7937d78842677785900d5c84d7547045179a88dd1f99fd6	evidence-only	named as source_function in RAW-EVIDENCE.tsv only
FUNC-0124	pkg_installed	7646	7649	db1d96debfd7bb89a6bf22dc96982fcedce9ae123321786314647af157bef6bc	evidence-only	named as source_function in RAW-EVIDENCE.tsv only
FUNC-0125	check_memory_requirements	7650	7663	0313b7601c76d98e715b6861eaf10c6871f0b52a93ab5cf685c8a084f811b1ed	pending-review	not yet reviewed for a v3 invariant; absence of a contract is NOT a decision that none is needed
FUNC-0126	apt_lock_owner	7664	7708	7fd015a8e07486acc464508c56c89311198963822a0dc3ff421b88d4375db4e8	pending-review	not yet reviewed for a v3 invariant; absence of a contract is NOT a decision that none is needed
FUNC-0127	wait_for_dpkg_lock	7709	7744	bde9bb8224f8046d6e5b17d2f63861c8029a0a713e8cf2247d23830dafdd4712	pending-review	not yet reviewed for a v3 invariant; absence of a contract is NOT a decision that none is needed
FUNC-0128	apt_update_once	7745	7755	f378e9721dd1e59ad158562ac5f26f1564c2947390f9de43fc30487905f4499c	evidence-only	named as source_function in RAW-EVIDENCE.tsv only
FUNC-0129	apply_apparmor_module	7756	7835	c550bc10818245a1b8ae69da11a173661c19cb46a6d8556fdfcd7bb066b6b886	candidate	named as source_function in SEMANTIC-CANDIDATES.tsv
FUNC-0130	restore_apparmor_module	7836	7864	b2ee74662b5736cdc6ac70e2dd023db90d2e9b8396409dfd545fa45e039ea429	pending-review	not yet reviewed for a v3 invariant; absence of a contract is NOT a decision that none is needed
FUNC-0131	check_aide_module	7865	7880	de6dad445973151a56d8c5f1afe1bf6cc3e09d53ec5470925f2f9fed4ce264fe	pending-review	not yet reviewed for a v3 invariant; absence of a contract is NOT a decision that none is needed
FUNC-0132	apply_aide_module	7881	7927	2587c1bda098ed32c6121993bfb27f8e9b8820cbe97c70468046f507c4386eb1	candidate	named as source_function in SEMANTIC-CANDIDATES.tsv
FUNC-0133	restore_aide_module	7928	7947	3e9cd2fd6a07fa74ec844183a220d1cef9bd8fa1fddf0de64c1826aac2156f26	pending-review	not yet reviewed for a v3 invariant; absence of a contract is NOT a decision that none is needed
FUNC-0134	valid_tcp_port	7948	7955	95c446098246e843b371ad61c140e43481cc3ab2d58ae20f81f0a79907d782f4	pending-review	not yet reviewed for a v3 invariant; absence of a contract is NOT a decision that none is needed
FUNC-0135	resolve_ssh_port	7956	7991	c5ad0f3d99c7028dc7a43aec2c5477e39424a630c881db986faf6c9d3faad3e7	pending-review	not yet reviewed for a v3 invariant; absence of a contract is NOT a decision that none is needed
FUNC-0136	render_fail2ban_jail	7992	8014	9650050cb44484de500044c48cfba4015ba9e384e5d6a84d1aba6ff4414b5670	pending-review	not yet reviewed for a v3 invariant; absence of a contract is NOT a decision that none is needed
FUNC-0137	read_fail2ban_service_active_state	8015	8050	8c7dfc6b80450ad48c60dcca70a0bfa45c9780fb2cf145138af96310a1b9add0	evidence-only	named as source_function in RAW-EVIDENCE.tsv only
FUNC-0138	record_fail2ban_service_pre_state	8051	8190	9a77a2f8f761d57530aa00dccf313cbc95abae56505b2183e07abdf32b942fd4	pending-review	not yet reviewed for a v3 invariant; absence of a contract is NOT a decision that none is needed
FUNC-0139	restore_fail2ban_service_pre_state	8191	8310	638e77122a0761c4e2224cbe8919037bf73fa67372388a4f223fe84667db91f2	pending-review	not yet reviewed for a v3 invariant; absence of a contract is NOT a decision that none is needed
FUNC-0140	restore_fail2ban_service_state	8311	8423	a86f0c95cbba5529caa30a802d91d7dca03be40561c6d15ac73631a49a474156	evidence-only	named as source_function in RAW-EVIDENCE.tsv only
FUNC-0141	check_fail2ban_module	8424	8444	eeb69bc55769b1bf8d4a016d203c8e69df68b24d76d758b03ebafd6344adce0e	evidence-only	named as source_function in RAW-EVIDENCE.tsv only
FUNC-0142	apply_fail2ban_module	8445	8723	c3ba4d68fe7367404343d302c65b0fd833fcd6bebeeaea5bd22d9a94ade497f1	candidate	named as source_function in SEMANTIC-CANDIDATES.tsv
FUNC-0143	restore_fail2ban_module	8724	8809	97848b6c2ffd6df628d132df951a1b05255cf86e5c4b5026063c0984553fd99a	evidence-only	named as source_function in RAW-EVIDENCE.tsv only
FUNC-0144	check_rkhunter_module	8810	8821	593b83c789287a427f60748143310aad5b862fcb7deb8cb1e6b53cec53dd22f0	pending-review	not yet reviewed for a v3 invariant; absence of a contract is NOT a decision that none is needed
FUNC-0145	apply_rkhunter_module	8822	8863	10245034186fab3bb3320f33c707a41ad9289d0c1f1d6988cf757e2fd6c37635	candidate	named as source_function in SEMANTIC-CANDIDATES.tsv
FUNC-0146	restore_rkhunter_module	8864	8880	f89be6a38936403a2ca1b562925527ba8ae5e70cfa81a6d00f20e31407c43b77	evidence-only	named as source_function in RAW-EVIDENCE.tsv only
FUNC-0147	render_kernel_module_blacklist	8881	8913	8d2f21b5303b5fda6ee20812f2ab7b599bfbf77aa9319ebff234ccc40fdc05dc	pending-review	not yet reviewed for a v3 invariant; absence of a contract is NOT a decision that none is needed
FUNC-0148	check_kernel_modules_module	8914	8960	59508604932505653f6e6f845d9f6cd2c781512c9cc82cef1abf44d4461f089d	pending-review	not yet reviewed for a v3 invariant; absence of a contract is NOT a decision that none is needed
FUNC-0149	apply_kernel_modules_module	8961	9094	0209a1529ffb2ac557054ca50bf21d8f8f0f723245569f86e21d94da3e92f2ac	pending-review	not yet reviewed for a v3 invariant; absence of a contract is NOT a decision that none is needed
FUNC-0150	restore_kernel_modules_module	9095	9098	511bd9c1a89229911652febb86deb0982b23148eddb0cf6d169acecf1fe4401b	pending-review	not yet reviewed for a v3 invariant; absence of a contract is NOT a decision that none is needed
FUNC-0151	check_mount_hardening_module	9099	9120	810cb5b9ca0d037072ccbe11356067d3b5a49b47e9a278845b7532d8b89d1317	evidence-only	named as source_function in RAW-EVIDENCE.tsv only
FUNC-0152	apply_mount_hardening_module	9121	9218	7ee8853e8d0ef2a44b439288a1e8eb8659b2aed44120940cda7a39e5f9a89813	candidate	named as source_function in SEMANTIC-CANDIDATES.tsv
FUNC-0153	restore_mount_hardening_module	9219	9230	d6121afcc9640e542540885b25af13c613f64dde1316c8df273bc7262889f3ac	evidence-only	named as source_function in RAW-EVIDENCE.tsv only
FUNC-0154	check_tmp_tmpfs_module	9231	9257	31b5576462cb6b16bdf4eecf624e16a0a0426ab8672d8132b38f62cdae28f5f4	evidence-only	named as source_function in RAW-EVIDENCE.tsv only
FUNC-0155	apply_tmp_tmpfs_module	9258	9348	287533b16843ff23fbc980a230b6aebba947464d375bce6e4724445cb6f430cb	candidate	named as source_function in SEMANTIC-CANDIDATES.tsv
FUNC-0156	restore_tmp_tmpfs_module	9349	9359	c6427fe020ffb711f22e49fd5d6ed4bbe04752e11337e6a519e56e1c4961ed62	pending-review	not yet reviewed for a v3 invariant; absence of a contract is NOT a decision that none is needed
FUNC-0157	check_ufw_module	9360	9371	a83ce48d08696b409ee65ee239df3cc2f88ae7adffd8fa00916b7c20a0c13e63	evidence-only	named as source_function in RAW-EVIDENCE.tsv only
FUNC-0158	apply_ufw_module	9372	9658	6354edeba18a1c96a2c429704ea5749bc6e5a522c8272db30d90b29ddb8dcf7b	candidate	named as source_function in SEMANTIC-CANDIDATES.tsv
FUNC-0159	restore_ufw_module	9659	9843	2ef74364689245ea20e1c2cb92ac217032ad9170d1d770b793764f364f7d2c26	evidence-only	named as source_function in RAW-EVIDENCE.tsv only
FUNC-0160	append_audit_watch_if_present	9844	9853	103715faa0a55b6db0c18fbe4b351c06f00385d2cafc2ee8de0a85cd0b0d2e2e	pending-review	not yet reviewed for a v3 invariant; absence of a contract is NOT a decision that none is needed
FUNC-0161	render_audit_watch_if_present	9854	9869	be66dd26a2a3638a5a4873159811a7e08b42966cb2bbf3489aa7e00802c2aaee	pending-review	not yet reviewed for a v3 invariant; absence of a contract is NOT a decision that none is needed
FUNC-0162	render_auditd_baseline_rules	9870	9908	0244ba8f7b8f6ca0609f9b3aa6de2df394547364330d3d36007f02ad8c01b85a	evidence-only	named as source_function in RAW-EVIDENCE.tsv only
FUNC-0163	render_auditd_strict_rules	9909	9946	d621a4b27fac2a4bd1ae6fcfb6209dc000b71ab0aa4b3f69c640ca5bdae9ee8f	pending-review	not yet reviewed for a v3 invariant; absence of a contract is NOT a decision that none is needed
FUNC-0164	rollback_auditd_rules_file	9947	9969	b568f232754be13fd84e05d29c004a821ae4bc3cc1c8dc66e8c8833ad0825358	pending-review	not yet reviewed for a v3 invariant; absence of a contract is NOT a decision that none is needed
FUNC-0165	rollback_auditd_rules_set	9970	9998	629e71b6dc844c2d7679a2b9760b32c0d8a9a2a090cd8a793dffb1fd87f3a452	pending-review	not yet reviewed for a v3 invariant; absence of a contract is NOT a decision that none is needed
FUNC-0166	reload_previous_auditd_rules_after_rollback	9999	10018	8a7a9c370b407c699a6057517edc014113413a56d0fb713ae9519550f7f70cec	pending-review	not yet reviewed for a v3 invariant; absence of a contract is NOT a decision that none is needed
FUNC-0167	read_auditd_service_active_state	10019	10054	8803bfaf765a81dd7e90609f05771ac5192c98ae0c57368405407c2833fc9539	evidence-only	named as source_function in RAW-EVIDENCE.tsv only
FUNC-0168	record_auditd_service_pre_state	10055	10194	d4dfec4ca3d05d6f7274f6862c842376e678d0e7bf945d429da5577c4cc78a7a	pending-review	not yet reviewed for a v3 invariant; absence of a contract is NOT a decision that none is needed
FUNC-0169	restore_auditd_service_pre_state	10195	10314	381405286b6ffd99d811c3953a094c54b9cd47cde533f7a5284b41668aaa294d	pending-review	not yet reviewed for a v3 invariant; absence of a contract is NOT a decision that none is needed
FUNC-0170	restore_auditd_service_state	10315	10466	ac638c58a3989dc2db3cacdb5a8d8db5a8be304e8b0b32abd3a7cfe2a4e0e6f7	evidence-only	named as source_function in RAW-EVIDENCE.tsv only
FUNC-0171	rollback_auditd_apply_changes	10467	10502	dad49702b9e1e1a26fbf9031a55bf15ab467b7897e7ad96dcad169dd8649071c	pending-review	not yet reviewed for a v3 invariant; absence of a contract is NOT a decision that none is needed
FUNC-0172	check_auditd_module	10503	10618	b92a0e0cdca1233f5d769447ac32df7bc352f5e01e73d3844450d7ed8c36ae53	evidence-only	named as source_function in RAW-EVIDENCE.tsv only
FUNC-0173	apply_auditd_module	10619	11033	ef49c34f0f24e11453c09b6f927446977c42f039157411238fb0d6c7cd1aaa25	candidate	named as source_function in SEMANTIC-CANDIDATES.tsv
FUNC-0174	restore_auditd_module	11034	11164	656d456c695b570442a41fccd93ec4911a992ac63dbb2e5e3dedc5327925993e	evidence-only	named as source_function in RAW-EVIDENCE.tsv only
FUNC-0175	corporate_password_policy_enabled	11165	11171	f2a438b65b72830920f0b57769fd9f2c43b8048e4c412066d559770b28cc0716	pending-review	not yet reviewed for a v3 invariant; absence of a contract is NOT a decision that none is needed
FUNC-0176	check_password_backend_safety_module	11172	11316	ed59f4031a46c3af4aefdea01ada4480fdce2d6dfa974e9ccd9fe89dac90a5a4	evidence-only	named as source_function in RAW-EVIDENCE.tsv only
FUNC-0177	check_password_policy_module	11317	11481	e723fc2a1a95d80342a28847561a62274baf652a5fe8054f615ae3741498f840	evidence-only	named as source_function in RAW-EVIDENCE.tsv only
FUNC-0178	list_password_policy_target_accounts	11482	11547	a68bcfd77d34cf4b515c71d920b3a9a23c49ff92dcd3da0e857e914f98ceeaf6	pending-review	not yet reviewed for a v3 invariant; absence of a contract is NOT a decision that none is needed
FUNC-0179	normalize_common_password_stack	11548	11627	973dfeead0643edb03d944ec1524ef8c8a5a1f358082f8cbce3fca75b22382ab	candidate	named as source_function in SEMANTIC-CANDIDATES.tsv
FUNC-0180	record_manifest_password_aging_snapshot	11628	11715	ef73d635dfd72f9dd8348425fb56e8740a53fd9e53907c080f031771e634a2c7	pending-review	not yet reviewed for a v3 invariant; absence of a contract is NOT a decision that none is needed
FUNC-0181	restore_password_aging_snapshots	11716	11850	bea4ddd33833be0b218effa9eab14f8cb149275cf7bfd6a5c894a35e11fbd82b	pending-review	not yet reviewed for a v3 invariant; absence of a contract is NOT a decision that none is needed
FUNC-0182	record_password_aging_transaction_snapshot	11851	11976	eb39867f0926149545f62221e56072ae1276d55e31d41b57d81a2129fcf8f265	pending-review	not yet reviewed for a v3 invariant; absence of a contract is NOT a decision that none is needed
FUNC-0183	rollback_password_aging_transaction	11977	12100	589d4f9100467e538e2d97b199ae0d4c4aa8750c80d430a4fd31ec5bcb421c77	pending-review	not yet reviewed for a v3 invariant; absence of a contract is NOT a decision that none is needed
FUNC-0184	cleanup_password_aging_transaction_snapshot	12101	12107	6b10800aa53bd2a7637bc25209e6476bfc1b2fa6bbccca72a1af14f8da2a99bd	pending-review	not yet reviewed for a v3 invariant; absence of a contract is NOT a decision that none is needed
FUNC-0185	apply_password_policy_existing_accounts	12108	12350	8ed0f8bf642048478862330dcbb5a74259a125cb8a332a045cf9eff0e730db7c	pending-review	not yet reviewed for a v3 invariant; absence of a contract is NOT a decision that none is needed
FUNC-0186	snapshot_password_policy_transaction_file	12351	12376	3c09a40acd9d1a3486da6f92bb3401b9e345574fb417653cf93c5a8e3cdd3c61	pending-review	not yet reviewed for a v3 invariant; absence of a contract is NOT a decision that none is needed
FUNC-0187	restore_password_policy_transaction_file	12377	12412	59490e47b2a811a43a6760f413e7a9b423f57c16f6c373225ae0aced977c2a20	pending-review	not yet reviewed for a v3 invariant; absence of a contract is NOT a decision that none is needed
FUNC-0188	rollback_password_policy_apply_files	12413	12451	c676d9f85e6387cb6d133f1ea468d9f978f4419bb2ebf705a9d7dc6f7b576cea	pending-review	not yet reviewed for a v3 invariant; absence of a contract is NOT a decision that none is needed
FUNC-0189	cleanup_password_policy_transaction_backups	12452	12466	01d5f3467d1c71746e7a8e20c5073a5ec211478ccee17b45d81b33fb53b39a03	pending-review	not yet reviewed for a v3 invariant; absence of a contract is NOT a decision that none is needed
FUNC-0190	abort_password_policy_apply_transaction	12467	12507	618dae2410438ff548873a6792849b332c04be166bd6220d9d731cd95ff5936e	pending-review	not yet reviewed for a v3 invariant; absence of a contract is NOT a decision that none is needed
FUNC-0191	apply_password_policy_module	12508	13006	09248237bf8d79486ebf18ef276588a4d3bbffab53de12c9207dfb03e20f3276	candidate	named as source_function in SEMANTIC-CANDIDATES.tsv
FUNC-0192	restore_password_policy_module	13007	13031	d6e6366fa84c7f15172c1096d291fd55ccea2aca348402d454fe7ffd2fefe1a7	evidence-only	named as source_function in RAW-EVIDENCE.tsv only
FUNC-0193	pam_faillock_stack_present	13032	13095	132304b19ef38fd89860dc32c74884664556a73ad558fbd5d6533c3849b67c11	evidence-only	named as source_function in RAW-EVIDENCE.tsv only
FUNC-0194	pam_faillock_any_active_line	13096	13112	3c4f318fbc3f30cd2d2ff097e97825a40e126a2adda7367dd141de244a93dfc7	evidence-only	named as source_function in RAW-EVIDENCE.tsv only
FUNC-0195	normalize_faillock_pam_stack	13113	13313	1f1102727e8ac3857f861857c578002c49bacb70ab62b0f127193293d8bc8c34	candidate	named as source_function in SEMANTIC-CANDIDATES.tsv
FUNC-0196	check_faillock_module	13314	13345	f364663871e25116ab96b29728c26f0c6502cf5676707504b458b0722a848be7	evidence-only	named as source_function in RAW-EVIDENCE.tsv only
FUNC-0197	faillock_pam_module_present	13346	13363	d02dd6416c53b56ac0da1e96cc36f9ada649aa89f13eb9d58250239fa12fadc2	pending-review	not yet reviewed for a v3 invariant; absence of a contract is NOT a decision that none is needed
FUNC-0198	cleanup_faillock_transaction_backups	13364	13378	f904e1a368604a884424078223cb681047f02c909076601f95d4a4a2c53c9efd	pending-review	not yet reviewed for a v3 invariant; absence of a contract is NOT a decision that none is needed
FUNC-0199	rollback_faillock_apply_files	13379	13441	25e61c564fe93314d0c0f698572cff2c3390a80d285407c28a92be5097e7a0c6	evidence-only	named as source_function in RAW-EVIDENCE.tsv only
FUNC-0200	apply_faillock_module	13442	13912	e78d9ea118bcfc76fa1ca7b4f7b07be1b576754609d6ee9b9582589be9054352	contracted	named as evidence_function in ENGINEERING-CONTRACTS.tsv
FUNC-0201	restore_faillock_module	13913	13945	f124931c723fcc514925b2f458b766d17b1afa837cc730dc9a6a98a0f667dc63	evidence-only	named as source_function in RAW-EVIDENCE.tsv only
FUNC-0202	update_manifest_group_state	13946	14069	097a71fbcfd31ecd302f84e4c470af0b0b2e2773a4e58eb25ed9f5f0aef8b79f	pending-review	not yet reviewed for a v3 invariant; absence of a contract is NOT a decision that none is needed
FUNC-0203	record_manifest_pending_created_group	14070	14076	8c6a2a849f21bb5de15471d7537484c7a1441ecee8fbc5053fed12c66d918293	pending-review	not yet reviewed for a v3 invariant; absence of a contract is NOT a decision that none is needed
FUNC-0204	record_manifest_created_group	14077	14083	70cd0bdf0c5faddfebf4bd1bffa2634f8b52623c6c286e9299402b30647230dc	pending-review	not yet reviewed for a v3 invariant; absence of a contract is NOT a decision that none is needed
FUNC-0205	record_manifest_pending_group_membership	14084	14090	0d9ea50f5f7b7f884fb20244014f193713fae26de351b1cd1df9409f94b18647	pending-review	not yet reviewed for a v3 invariant; absence of a contract is NOT a decision that none is needed
FUNC-0206	record_manifest_added_group_membership	14091	14097	f23761630631f76e605329d490286f6a166802a1e8f9d36c9492c76ae12ce685	pending-review	not yet reviewed for a v3 invariant; absence of a contract is NOT a decision that none is needed
FUNC-0207	restore_added_group_members	14098	14161	8012abf94f7803b75d996a4a18bf99737766a2a5b8ecd1abd90b9ebfd3bfe84c	pending-review	not yet reviewed for a v3 invariant; absence of a contract is NOT a decision that none is needed
FUNC-0208	restore_pam_wheel_module	14162	14235	90c040b93b4781427519aebd28229326d7382091518a1c715d55c6ec39865ebc	pending-review	not yet reviewed for a v3 invariant; absence of a contract is NOT a decision that none is needed
FUNC-0209	restore_sudo_policy_module	14236	14239	912d7a5cd3b1d272c5f11d8ff9e0c6e92489b7eebc8a39d0e03afff4ebbee67b	pending-review	not yet reviewed for a v3 invariant; absence of a contract is NOT a decision that none is needed
FUNC-0210	write_metadata_snapshot	14240	14291	163e1e943a30c32aae59c1b862d10b0228c1612731bbd5473e54a5f245eece51	pending-review	not yet reviewed for a v3 invariant; absence of a contract is NOT a decision that none is needed
FUNC-0211	restore_read_stat_field	14292	14321	44cbe66998e777f1f95f1ddacdc98f3b2efa0b0d77013e40c17129cac825f27d	pending-review	not yet reviewed for a v3 invariant; absence of a contract is NOT a decision that none is needed
FUNC-0212	restore_metadata_from_stat_snapshot	14322	14378	f86bc371c8933da61669df4de6b61766542c3e00d2f8e9e1087c0313308e8b05	evidence-only	named as source_function in RAW-EVIDENCE.tsv only
FUNC-0213	restore_fs_critical_files_module	14379	14391	6295c1601cfe811853b3560801757037c68c1859b42ccd337c02cec60f9ac813	pending-review	not yet reviewed for a v3 invariant; absence of a contract is NOT a decision that none is needed
FUNC-0214	restore_cron_targets_module	14392	14415	6cccbbf454dee74a514a435e17da4f00b489dd12d8f4d92333bc9d906f3cd036	pending-review	not yet reviewed for a v3 invariant; absence of a contract is NOT a decision that none is needed
FUNC-0215	restore_systemd_unit_targets_module	14416	14444	81211af7669f848eb339e5bd2bc4b6cbf8f923fc482545d113efafce103958a1	pending-review	not yet reviewed for a v3 invariant; absence of a contract is NOT a decision that none is needed
FUNC-0216	record_runtime_check_results	14445	14455	4a5300ddde38b10356a6059d46ec21d1dd4a9ad1d47a7a19cb3108358dafcc76	pending-review	not yet reviewed for a v3 invariant; absence of a contract is NOT a decision that none is needed
FUNC-0217	fs_expected_mode	14456	14463	e0e8af6296386a9c5985740c9a6d7ca85afdb4b1118eb076f49cabfd111f8283	candidate	named as source_function in SEMANTIC-CANDIDATES.tsv
FUNC-0218	fs_mode_compliant	14464	14481	ce30ad18e6ae5b1a2f84fd5896a253bed900e602ed77dececf3d3ee690467d17	candidate	named as source_function in SEMANTIC-CANDIDATES.tsv
FUNC-0219	fs_apply_expected_mode	14482	14497	0241906b55cea05d60972f5f32a3a4a8973efa3b7dbdca04f9b56473415757e8	evidence-only	named as source_function in RAW-EVIDENCE.tsv only
FUNC-0220	fs_actual_mode	14498	14501	a13fb4628141570849c083fe42d286b757c397ecc0f9be865f9ae87a5e23c4ae	pending-review	not yet reviewed for a v3 invariant; absence of a contract is NOT a decision that none is needed
FUNC-0221	fs_actual_owner_group	14502	14505	0065acee8696a5502b5f4bcdc793e6a3d34edc2a3ff75b95ea148895802dc79f	pending-review	not yet reviewed for a v3 invariant; absence of a contract is NOT a decision that none is needed
FUNC-0222	check_fs_critical_file_one	14506	14533	a559f5a9cd7d8f86741a7499cbf443632ffd78711321770935ed0f911f906b36	pending-review	not yet reviewed for a v3 invariant; absence of a contract is NOT a decision that none is needed
FUNC-0223	check_fs_critical_files_module	14534	14540	46ea02d8c4257dcacfb404f0ca81fe398765616c15d4b501f3456530b9e05654	pending-review	not yet reviewed for a v3 invariant; absence of a contract is NOT a decision that none is needed
FUNC-0224	check_empty_passwords_module	14541	14580	e3b952fbad13daf3aed9b2eaef7ba2a2d3a91f347bd4a3ff10861bc1c97cc86d	pending-review	not yet reviewed for a v3 invariant; absence of a contract is NOT a decision that none is needed
FUNC-0225	record_empty_passwords_check_results	14581	14596	7e56b01b6c50d5346dd29b4928a9434b6302a2dfe3fc4ee0efa264af06ff9768	pending-review	not yet reviewed for a v3 invariant; absence of a contract is NOT a decision that none is needed
FUNC-0226	apply_empty_passwords_module	14597	14889	3a6c1488f99b830586efd36ec33dfe7ed81f5aed32c623d33b316edfb5032d4d	pending-review	not yet reviewed for a v3 invariant; absence of a contract is NOT a decision that none is needed
FUNC-0227	apply_fs_critical_file_one	14890	14976	4a8d885eb2ba8fbdb1248cb9bc98ee6d144a0c223fe67ffabcab02d1964b3936	evidence-only	named as source_function in RAW-EVIDENCE.tsv only
FUNC-0228	apply_fs_critical_files_module	14977	14983	342d56c5094e188c5f89a227c440aa92bf6d14ba7dec7ae5457e75b85dcac7d1	pending-review	not yet reviewed for a v3 invariant; absence of a contract is NOT a decision that none is needed
FUNC-0229	cron_target_mode	14984	14987	262aa1e24c7d39649b824bb943aeffd8c502480ead81ab6c77791ec046c18442	pending-review	not yet reviewed for a v3 invariant; absence of a contract is NOT a decision that none is needed
FUNC-0230	cron_target_owner	14988	14991	cf65f66982cef6c5a77a62dfd4b69f05596acbe92c3da3c64093310acdc092a8	pending-review	not yet reviewed for a v3 invariant; absence of a contract is NOT a decision that none is needed
FUNC-0231	cron_target_group	14992	14995	036294ce2f8e42db80faf4160b6f89c0def4c5913cfa153866f68904cc88570b	pending-review	not yet reviewed for a v3 invariant; absence of a contract is NOT a decision that none is needed
FUNC-0232	cron_target_path	14996	14999	c9f06c1da6967d18f7c6e47f55c0fe264b615fe389b2858b46919f6bf6411d96	pending-review	not yet reviewed for a v3 invariant; absence of a contract is NOT a decision that none is needed
FUNC-0233	cron_target_type	15000	15003	539e82c27440c97a5cb93dc7b51a45756de07dbc64dcbe7b578ea6b8279fc273	pending-review	not yet reviewed for a v3 invariant; absence of a contract is NOT a decision that none is needed
FUNC-0234	cron_daemon_installed	15004	15014	ad7e7f74b9b70539864898f63071469c82a323c43a45a25c3ce74f525d8bf520	pending-review	not yet reviewed for a v3 invariant; absence of a contract is NOT a decision that none is needed
FUNC-0235	check_cron_target_one	15015	15091	3f3d17170049a7681e2ae6bdeecb9e02060893ea952cf13ac70d9e3561ecabab	pending-review	not yet reviewed for a v3 invariant; absence of a contract is NOT a decision that none is needed
FUNC-0236	check_cron_targets_module	15092	15103	0a48e0d2b29201beffbd2c19a52f76aff92e7f927d758a8f2c0340c45115c210	pending-review	not yet reviewed for a v3 invariant; absence of a contract is NOT a decision that none is needed
FUNC-0237	apply_cron_target_one	15104	15230	bb81cb33af85641a0e5e75a21c36594dba2e0dd765a012988e1012c5ab7c3c1f	evidence-only	named as source_function in RAW-EVIDENCE.tsv only
FUNC-0238	apply_cron_targets_module	15231	15242	65fb02f4417a44d5267d1f1ca5fcd2651c094673340201d5aa058b0536598849	pending-review	not yet reviewed for a v3 invariant; absence of a contract is NOT a decision that none is needed
FUNC-0239	systemd_unit_candidates	15243	15258	fb6206c0b75b7e755724a7cf2d9ed29f8ee12214ab4744304008a0448c526096	evidence-only	named as source_function in RAW-EVIDENCE.tsv only
FUNC-0240	check_systemd_unit_one	15259	15289	39e9c895abe9d7196b0c203f6c4bbe4ae50db6a609adae382026d6b72648fa4b	candidate	named as source_function in SEMANTIC-CANDIDATES.tsv
FUNC-0241	check_systemd_unit_targets_module	15290	15306	b5c6b28c0e3c98892b476ffc2af00f094e867e8d0f61f27e104f397af705cd8e	pending-review	not yet reviewed for a v3 invariant; absence of a contract is NOT a decision that none is needed
FUNC-0242	apply_systemd_unit_one	15307	15372	87117cf7bdf9e4dd77c65329ecf43b19eb1f2c8b58d1d504f8a6dcca79ec90e0	evidence-only	named as source_function in RAW-EVIDENCE.tsv only
FUNC-0243	apply_systemd_unit_targets_module	15373	15389	069464842481ac01aedeb3166a206be323c3ce20bd48353fea58a76da8ef0274	pending-review	not yet reviewed for a v3 invariant; absence of a contract is NOT a decision that none is needed
FUNC-0244	sudo_policy_status	15390	15437	01d1222381e4dbb90488bf083afccc6b0f8af06ec03dc1630310774e5c9a5cd6	pending-review	not yet reviewed for a v3 invariant; absence of a contract is NOT a decision that none is needed
FUNC-0245	check_sudo_policy_module	15438	15472	86bcf805e05c1a37d0a9afc12676f7111266fe78e57c3b887da3b7a6d1b46657	pending-review	not yet reviewed for a v3 invariant; absence of a contract is NOT a decision that none is needed
FUNC-0246	apply_sudo_policy_module	15473	15674	85cedfafe5baa2d5b9490b48e2763ad627663ee53d8edaaa25a9241d25a2d07d	candidate	named as source_function in SEMANTIC-CANDIDATES.tsv
FUNC-0247	ssh_root_login_status	15675	15686	99c28f16721ffeec06159445c5d674387a94819105874170165cd47f0c1f8b53	pending-review	not yet reviewed for a v3 invariant; absence of a contract is NOT a decision that none is needed
FUNC-0248	check_ssh_root_login_module	15687	15706	6e93ff2daf287c1517f5f086fd3deb8776951f4d4a49bafe4b9a8b6cbb383dcb	pending-review	not yet reviewed for a v3 invariant; absence of a contract is NOT a decision that none is needed
FUNC-0249	apply_ssh_root_login_module	15707	15925	72cae5e609478117a89364b8c9fafbe7712b815ac715c1af92c20bc7478dd364	candidate	named as source_function in SEMANTIC-CANDIDATES.tsv
FUNC-0250	pam_wheel_group_exists	15926	15929	d8673273401ae559151e0eb363752c690889859b1e254e10d96bb8329cd6b704	pending-review	not yet reviewed for a v3 invariant; absence of a contract is NOT a decision that none is needed
FUNC-0251	pam_wheel_group_members	15930	15975	3a4505b1728d4b8b8400d486f9e2c7b59031f2ff11959dfaf3b62772d40bfe1b	pending-review	not yet reviewed for a v3 invariant; absence of a contract is NOT a decision that none is needed
FUNC-0252	pam_wheel_has_members	15976	15985	f7f05f1bca86470b8d7d36b2e28611745e7b6d536e229e3b1d369766a32ff42c	pending-review	not yet reviewed for a v3 invariant; absence of a contract is NOT a decision that none is needed
FUNC-0253	pam_wheel_user_is_member	15986	15993	fc02da5a1385be5918cfae625d31c13da3a474c93fddfd2de4e7520892f2a1c8	pending-review	not yet reviewed for a v3 invariant; absence of a contract is NOT a decision that none is needed
FUNC-0254	pam_wheel_user_is_existing_admin	15994	16003	7f4b2219dcd16feba181e8dab84efb2dde75e3190607146dba6191af9c628138	pending-review	not yet reviewed for a v3 invariant; absence of a contract is NOT a decision that none is needed
FUNC-0255	configured_wheel_users	16004	16009	fa312d3da8df09f86606613103132aa4af2b545407a41dad339a046dde6629a1	pending-review	not yet reviewed for a v3 invariant; absence of a contract is NOT a decision that none is needed
FUNC-0256	pam_wheel_configured_users_present	16010	16025	7cc99a01ae05c05199d0bcb7ebb0b197c2476e7452e01e6e430f0014385b1c8d	pending-review	not yet reviewed for a v3 invariant; absence of a contract is NOT a decision that none is needed
FUNC-0257	pam_wheel_rule_present	16026	16040	f3d59af91abcc24f4d71088222ccb5da1abb4468f3f0e5eceb7d96946f7a4747	pending-review	not yet reviewed for a v3 invariant; absence of a contract is NOT a decision that none is needed
FUNC-0258	pam_wheel_managed_block_present	16041	16046	2955cd4feec7c4497e4f080d45c25617df3dc4f118f39776ef58f941401c006b	pending-review	not yet reviewed for a v3 invariant; absence of a contract is NOT a decision that none is needed
FUNC-0259	check_pam_wheel_module	16047	16099	3dcdf6ce100f3c249eb8024e184bcc93e14c6c087688a512425bb59849572bfa	pending-review	not yet reviewed for a v3 invariant; absence of a contract is NOT a decision that none is needed
FUNC-0260	apply_pam_wheel_module	16100	16380	9d1a85bc5f6ddc23832b0e85be5e5c2c3d93d69703c5f69ee2b7a271cd097bc0	candidate	named as source_function in SEMANTIC-CANDIDATES.tsv
FUNC-0261	require_cmds	16381	16389	de418dfaae2ab453620a93a275a53ffa65ae11d6f2849f47d3fcd007dca18e30	evidence-only	named as source_function in RAW-EVIDENCE.tsv only
FUNC-0262	parse_args	16390	16449	3d1ca649276d4aa1cb09c86ba4d68769395b28f83d23bf6ffcbbbfdbb5009c13	pending-review	not yet reviewed for a v3 invariant; absence of a contract is NOT a decision that none is needed
FUNC-0263	validate_args	16450	16478	d4b6b488e5a21125aaddf0cfec5c989929733ffaf2b7f4d8c74447f3273153b8	pending-review	not yet reviewed for a v3 invariant; absence of a contract is NOT a decision that none is needed
FUNC-0264	validate_args_post_config	16479	16485	43a98d758bdff739e6e7fcee1ede29b3cc082f885b6dfa59ba495ff6e8c19964	pending-review	not yet reviewed for a v3 invariant; absence of a contract is NOT a decision that none is needed
FUNC-0265	validate_execution_context	16486	16506	3bfd6f6db3a8407f4ca7131b506994d9891843638a03e2795911a1bbca2b7364	pending-review	not yet reviewed for a v3 invariant; absence of a contract is NOT a decision that none is needed
FUNC-0266	additional_measures_enabled	16507	16510	aa22753092b6b6ea6890fe797cbd84978f35a0585f20185a69ce50afa0b1aa5f	pending-review	not yet reviewed for a v3 invariant; absence of a contract is NOT a decision that none is needed
FUNC-0267	load_config	16511	16612	a90032c550352a9bb093d8adfa57f09ea197cff45ada196007dda002f5ed8643	pending-review	not yet reviewed for a v3 invariant; absence of a contract is NOT a decision that none is needed
FUNC-0268	restore_manifest_has_path	16613	16700	75eea93760070eae45f5e7f45cd1b07dc8f4201ba858e2394840c02d448f50f8	pending-review	not yet reviewed for a v3 invariant; absence of a contract is NOT a decision that none is needed
FUNC-0269	restore_manifest_has_report_text	16701	16713	2eed844a416271319193e85b85787e421e87ca4f69c178ddbb19828d3b55329c	pending-review	not yet reviewed for a v3 invariant; absence of a contract is NOT a decision that none is needed
FUNC-0270	finalize_paths	16714	16720	5bb412be59af919807ed9dfde6050315f77dab9bdf654d056428e5547c96c59f	pending-review	not yet reviewed for a v3 invariant; absence of a contract is NOT a decision that none is needed
FUNC-0271	detect_os	16721	16736	f1a280117f693b0d1ea23fc1cf97d10540ce6acad6eecfb7dcca841072718792	pending-review	not yet reviewed for a v3 invariant; absence of a contract is NOT a decision that none is needed
FUNC-0272	detect_environment	16737	16751	b7acb0b8e85fafa1a7e958274ad71e861173556c84a1be13bfb3fa7ea6d3f3ac	evidence-only	named as source_function in RAW-EVIDENCE.tsv only
FUNC-0273	run_preflight	16752	16766	a0347444d55c491757f8ffc3ae2bdca696fa04019d0303c5661d28d696786c3b	pending-review	not yet reviewed for a v3 invariant; absence of a contract is NOT a decision that none is needed
FUNC-0274	secure_state_dir	16767	16820	a259766b47885ca3bc0033d98a2045598ff249906e93b4deb9cf5e7879bdae85	pending-review	not yet reviewed for a v3 invariant; absence of a contract is NOT a decision that none is needed
FUNC-0275	ensure_state_dir	16821	16879	59ccf7faeb9ed434f756920cf0ccbb5fcd3a80cc83215f940423c2dcddc38f0c	pending-review	not yet reviewed for a v3 invariant; absence of a contract is NOT a decision that none is needed
FUNC-0276	manifest_init	16880	16937	4c26a48cccaf758e82972cfe07f7265758aa038b8adc822767e26454389cb13e	contracted	named as evidence_function in ENGINEERING-CONTRACTS.tsv
FUNC-0277	write_check_report_txt	16938	16970	7135505e0dfe73d0f665575639eecdc0e1969a6a5f95ed88f8b275abf8e02b30	pending-review	not yet reviewed for a v3 invariant; absence of a contract is NOT a decision that none is needed
FUNC-0278	write_report	16971	17104	bb2d5fd50cfc92754bc81e2057086a6762dd9c49c1abe91195d6d4c5ad9e3d13	evidence-only	named as source_function in RAW-EVIDENCE.tsv only
FUNC-0279	print_report_stdout	17105	17172	d6564794d1c89a9a526ea10d5ccd67ac8931c2e859613610e5f4a96ca7240663	pending-review	not yet reviewed for a v3 invariant; absence of a contract is NOT a decision that none is needed
FUNC-0280	run_check_mode	17173	17436	2a1d1c083a2f75bc6473af14807825f0e12b9cef0e1f7d8c098da61449104c5f	pending-review	not yet reviewed for a v3 invariant; absence of a contract is NOT a decision that none is needed
FUNC-0281	apply_rsyslog_module	17437	17491	b327e6fbed490dc1e987bf3fac0c7f4a8ce97a9c4beeb8c9dab55ffef1b3635e	candidate	named as source_function in SEMANTIC-CANDIDATES.tsv
FUNC-0282	restore_rsyslog_module	17492	17513	6934ba072dc9c6c58417c189a5b0aa810e4d02ef9cc987c3927edbdccd523dc2	pending-review	not yet reviewed for a v3 invariant; absence of a contract is NOT a decision that none is needed
FUNC-0283	check_rsyslog_module	17514	17525	5a540d8e8093a8f23f6703801128a1cc49a4f534cd33e66c517dcfb27ba054df	evidence-only	named as source_function in RAW-EVIDENCE.tsv only
FUNC-0284	apply_chrony_module	17526	17580	c8d3a393e045a01970f2fb34eec55c8eae4f2d013e86fa38ea5d9df2dafd505f	candidate	named as source_function in SEMANTIC-CANDIDATES.tsv
FUNC-0285	restore_chrony_module	17581	17602	9a915c4b8e25baf1e9a86970e333c313c642df51eddca165a50a901a47611efd	pending-review	not yet reviewed for a v3 invariant; absence of a contract is NOT a decision that none is needed
FUNC-0286	check_chrony_module	17603	17614	94ef99aa4fde70e024c09a2f2391b72605d596e9f84773ff67095b2441276317	evidence-only	named as source_function in RAW-EVIDENCE.tsv only
FUNC-0287	apply_unattended_upgrades_module	17615	17671	1e87fedbdf7b3523c5046fe2c73bcf3b914b114cd4c30c466c8d4f6cb873000b	candidate	named as source_function in SEMANTIC-CANDIDATES.tsv
FUNC-0288	apply_apport_module	17672	17716	dca6008038d90d557b400d3b31a2b2aaf11f96ba196438bdb39fec50a083e020	candidate	named as source_function in SEMANTIC-CANDIDATES.tsv
FUNC-0289	restore_apport_module	17717	17758	91f19d422fb049543ce62294fa9104378d820c391f904342d0321da090973b7d	evidence-only	named as source_function in RAW-EVIDENCE.tsv only
FUNC-0290	check_coredump_module	17759	17771	a96c92bf866d936381919826f4c15baeb88bd773229bbd8ea21c6aebcb7b8900	pending-review	not yet reviewed for a v3 invariant; absence of a contract is NOT a decision that none is needed
FUNC-0291	record_coredump_runtime_pre_state	17772	17891	63db50dac4a810470ec15b9de51f0d62969d74d5d86fc4f79a8573c34ae8f414	pending-review	not yet reviewed for a v3 invariant; absence of a contract is NOT a decision that none is needed
FUNC-0292	apply_coredump_module	17892	18209	51570774b04a77b20ef17f7576634937039e56820ca406c6d62adf330775be76	pending-review	not yet reviewed for a v3 invariant; absence of a contract is NOT a decision that none is needed
FUNC-0293	restore_coredump_module	18210	18345	ffb55a9212c209d4b87657a838c4943f915c902daa4be7e642df9fcbddfbc9fd	pending-review	not yet reviewed for a v3 invariant; absence of a contract is NOT a decision that none is needed
FUNC-0294	check_apport_module	18346	18352	4c6575a5cef036400f348f3632c0f74e0640ae5032cddc4b937af3cff9079cbe	evidence-only	named as source_function in RAW-EVIDENCE.tsv only
FUNC-0295	restore_unattended_upgrades_module	18353	18374	d44bd2a4cf0d270f3b9f7b7b90974c51e92810abaa219cee08dc7558843a3f31	pending-review	not yet reviewed for a v3 invariant; absence of a contract is NOT a decision that none is needed
FUNC-0296	restore_empty_passwords_module	18375	18443	36052145b68c210faf87c7f12a0b4d93da7965a0f2676b706c37a2168896d3a1	pending-review	not yet reviewed for a v3 invariant; absence of a contract is NOT a decision that none is needed
FUNC-0297	restore_runtime_paths_module	18444	18472	63995f21cda2141b15f565d278da0c44214ad140feea402b20641826d8992885	pending-review	not yet reviewed for a v3 invariant; absence of a contract is NOT a decision that none is needed
FUNC-0298	restore_home_permissions_module	18473	18501	baefcd212fa5d3da45f631a2c292e7f68f4b75420924f2cdf13cc084ed6e75f3	pending-review	not yet reviewed for a v3 invariant; absence of a contract is NOT a decision that none is needed
FUNC-0299	restore_suid_sgid_module	18502	18530	9b9a5e06969d196592019d7310eb7cd613542e4b434166c808c002b1fb1a4cbe	pending-review	not yet reviewed for a v3 invariant; absence of a contract is NOT a decision that none is needed
FUNC-0300	restore_cron_command_paths_module	18531	18559	bfee15940c1cd7fe69d4ec418280d489f37d0b6929d5ba9410376840032a7ab0	pending-review	not yet reviewed for a v3 invariant; absence of a contract is NOT a decision that none is needed
FUNC-0301	restore_standard_system_paths_module	18560	18588	ece26285ba783e661ec34a16b05a7f3b4cab8c4714279e1cc1113fbf86fab660	pending-review	not yet reviewed for a v3 invariant; absence of a contract is NOT a decision that none is needed
FUNC-0302	restore_sudo_command_paths_module	18589	18617	03977d42c65853ab3d98a0379556df775274b09b40373b11fb7edb4feea71f4e	pending-review	not yet reviewed for a v3 invariant; absence of a contract is NOT a decision that none is needed
FUNC-0303	restore_user_cron_permissions_module	18618	18646	20e057d664c5d0cd6c6cf11d5ceac9959f753a0d9cfde8126fbf6978ea3d1991	pending-review	not yet reviewed for a v3 invariant; absence of a contract is NOT a decision that none is needed
FUNC-0304	restore_grub_kernel_params_module	18647	18651	e53d37ba2554c8dbc1250831091bfe6591a8729678f029cf450d624bda360489	pending-review	not yet reviewed for a v3 invariant; absence of a contract is NOT a decision that none is needed
FUNC-0305	check_unattended_upgrades_module	18652	18663	420655080dba9133af5631debac98dfe84dee56a89a3431effe665208dea252c	evidence-only	named as source_function in RAW-EVIDENCE.tsv only
FUNC-0306	run_mode_step	18664	18684	b19d64ca5599e238a90d5efa78f6e1aadef9d3d162167253c0b8325f8b62a189	pending-review	not yet reviewed for a v3 invariant; absence of a contract is NOT a decision that none is needed
FUNC-0307	run_apply_mode	18685	18795	f493d471abf42a93512f72ae12d2360d4fcc977190775f0772f8d7f9046e3e18	pending-review	not yet reviewed for a v3 invariant; absence of a contract is NOT a decision that none is needed
FUNC-0308	run_restore_mode	18796	18892	415a9b966fc152174dc42003cc0bc2acf770907ee8366ba5405a0892dbafa779	pending-review	not yet reviewed for a v3 invariant; absence of a contract is NOT a decision that none is needed
FUNC-0309	run_report_mode	18893	18909	e22284fba2af12232daa60b27bb46dad8b0838101fab37af95151540b3c3a8cc	pending-review	not yet reviewed for a v3 invariant; absence of a contract is NOT a decision that none is needed
FUNC-0310	main	18910	18928	72face52daee423339636b8ff05396a4bb43fcdec9b27a8f27a0aae78e11937c	contracted	named as evidence_function in ENGINEERING-CONTRACTS.tsv
