chunk_id	start_line	end_line	bytes	sha256
CHUNK-0001	1	100	4847	2f60c7fae486662dc48507d7bebf540668797f1ed55f08caf61d5a6ec3e24817
CHUNK-0002	101	200	5014	4aeb056659e07217dd2b06feafe4184e0b26143a5f8b4adf4ff5bb28483f2fc7
CHUNK-0003	201	300	2906	06d56bcde1ad1e0471583ae56a86661c7efe0aefa1b4951043e06838a1aa1d79
CHUNK-0004	301	400	2560	f821d06bbc60489b5744a5badec990e8b557ea4ef96d0e1b83788c0e6daf0af0
CHUNK-0005	401	500	2215	bdc105aed7109b78d25b11c5a46fab12af994f4d125621059fa9e4142653e4a7
CHUNK-0006	501	600	1976	e3c4ac42126190dc9b8463c4711fbbb8fd73fb40d3e65d75ceb05bd68f6b0a8c
CHUNK-0007	601	700	2937	60461c2065e217937ee763ed5beb876f6e5000a54991bd8d6f1ae3f35519a6e4
CHUNK-0008	701	800	2015	49888911df6fd9e3278130f931fef2312e119676a8b0739a4b4fe54f3133bdf8
CHUNK-0009	801	900	1974	c8c3ea57a6a47fae97f3c3e87781d537049b9ea0c83f9ac5e606a7382a0cec9c
CHUNK-0010	901	1000	2634	be45168763293264f4057b2a7fc4be18d2c2d2da60e540fd0af83a8d9bb46077
CHUNK-0011	1001	1100	2722	8054500546dc52930c9e28c5847f52ac3ef5ec9294c8486138bd194fdf3a733e
CHUNK-0012	1101	1200	2333	efb0c2e0579c0ddce2e4325f71dcb191d52f4365c67af87ec80c860931ac2981
CHUNK-0013	1201	1300	2243	5aa2fc9c8e3370dc2e603f6c4a58b06e4d17cbad7a0eba235a605b96ec131dbb
CHUNK-0014	1301	1400	2198	229224f0136fab8145570e234db78eb5cc426f6d9314f0717705259286b799d3
CHUNK-0015	1401	1500	2387	e236617dabc025852022edaa39423bf0d863cbe0b35533714e0814fab49063e3
CHUNK-0016	1501	1600	2582	ba4757e064938ee59becc6826d314942d7bc479c46b6b8c0b0aaa2b27d9a2505
CHUNK-0017	1601	1700	2244	e3b0f0972d674503998dcb14f0ffcee828ad3d5872cd378d8085ac8de1035134
CHUNK-0018	1701	1800	2333	70f68ff31395a116373e170ec25ea04d7e578bdfe201fe7ab7e806118ce3bfb7
CHUNK-0019	1801	1900	2471	5248b2bcf2b530c27c5105c01c4fc4d16db4230254a944ebabe8b684ab7988ee
CHUNK-0020	1901	2000	2819	0252408fa526ad9c047fa0fa8f31fae18c3fe0f0eae3f5e7777da240e93a6947
CHUNK-0021	2001	2100	2701	d3f1d2f2a5e4b1ae374ac2243f0b339cf703d91eb4a0a324f4473ccfb15b8f13
CHUNK-0022	2101	2200	3133	3c967f0c4836cb2ac1780bc29e5afed239205337b4e8ae1b2cd55a84888b1980
CHUNK-0023	2201	2300	3069	39065663c305bd7587213692cfa95c831788dc88f96372cc6e36ac074cc9380e
CHUNK-0024	2301	2400	2775	527758b7fa555515964b9bbe1ad8c28aae411ac40733b25c080d03807566beb8
CHUNK-0025	2401	2500	2641	6d1c987303a55c2313b36356c602fcbe461cf66ae17fc83afcc7ba3e670f7fe6
CHUNK-0026	2501	2600	3276	2f55acbf198d40c1f89a5113ae55db9e12881db2c99efd59f5a1be7a85be2255
CHUNK-0027	2601	2700	2666	ace649ca42f70862ae57bbdaa3a4fcb900b1a85ad2ba541cf22dc75c03842d27
CHUNK-0028	2701	2800	3253	34602906884f96943aaf1c9a5a8d6c1dff648c18139978b552a8f6b339adbc7c
CHUNK-0029	2801	2900	3006	f408c80b41ce9e03d4711c50bc1ef07db4e04c3167eb04fa66a58dca19debaa7
CHUNK-0030	2901	3000	2463	0d5399afbd3f06ade526880cecb99f96f17bf2d17653c628b343b582d53bba1c
CHUNK-0031	3001	3100	2563	d4aa03713c980081857bbc1d7f6c35404ca18bc4b57023a8f09fb58e3ee531c4
CHUNK-0032	3101	3200	3560	3a902d9316a87812de0ee860972d3e0ed4964a9d58c043e272dbb61bbebab87b
CHUNK-0033	3201	3300	2997	7c1f3d71b002379dad9b71256bdb30441ec31a80e0d54d73701f1e7815200df9
CHUNK-0034	3301	3400	3240	56cfe2b3ba6f2469a3a25e8e2c38ca46a94af62cbb1167856b488d3fb40f704d
CHUNK-0035	3401	3500	3258	b26a68cc33a2c443615c5a52f0304d5d6c319b04eb8c0535afe0e2d3139016e1
CHUNK-0036	3501	3600	3447	7886d4ce55d21249c2927fb6d189edf46fba9e149f9ccd6bc142760461be5bbe
CHUNK-0037	3601	3700	3928	47c9a7cbe5eadd39c9427c04686a8f9a2e7a6fd659a433e3f33ae4632c7ea642
CHUNK-0038	3701	3800	2267	e9c8522069eefb40356ec258e93be6675018a1bfa57396f891d014f30dc6e430
CHUNK-0039	3801	3900	1969	f37058f30380380060c61321650d0552324d15dc966b7cdb54f84f3a232c9807
CHUNK-0040	3901	4000	2812	7193441c7ec9cfef9edabb05ef8dca4c3a9172668913a334f3e4378ad7a4fc0d
CHUNK-0041	4001	4100	2718	baae37fd2293cc1d09d66df31bada661273e8263af24c215ca986186f6dfd901
CHUNK-0042	4101	4200	2701	6d04a3985a8a3fabf49bb26c7a8e4a8b3373d5a959c042dd0064d27023f383a9
CHUNK-0043	4201	4300	2361	a555ac8de78b18a5bb6b1358f2791bee4f420f213c2f4a5ca4b20455f961e24a
CHUNK-0044	4301	4400	3380	0934a1a629df585d2d654f195e4389a4d00ac7263d3300a86dc8c4211ab6e02f
CHUNK-0045	4401	4500	3039	5a94672e63ef34a3b18fb6642324ce59619b49c87b52ba27a8955f194a81a1ca
CHUNK-0046	4501	4600	3161	6d1c80406395801bcbe1177ea464d8abef5eba2c52b5ebb286a81342e2426da9
CHUNK-0047	4601	4700	2931	5baec8b4c0cc1ed043ad53a3c64bdd28ee4720fa888a441102f3a49956dea352
CHUNK-0048	4701	4800	3100	4381a59f1438b360b019808ab73844b754d68cfa3686583dd28a924f0b0b9fe0
CHUNK-0049	4801	4900	6255	11be99dcff65eb887b7bc18276f53fd733c15782104703754d1b8645d20d5070
CHUNK-0050	4901	5000	2737	a4c0e57dd5a9fbe9de5ddccdab6160d68cd6266aa1fa7c45d6b04a9d428d77a2
CHUNK-0051	5001	5100	4030	5e20064dfc43e426567f06aab14d14d99577bc5a1c90c456ec6ec2e9997aaaac
CHUNK-0052	5101	5200	2870	29f010c18fc9fd6b8a2a055dc6acd55d5add0f49b5524d1c30d9badc498d306d
CHUNK-0053	5201	5300	3590	806b6a61d2073a6af3cf86c7153dc79c39ca9cbf1db7f6198fa104b34e53622e
CHUNK-0054	5301	5400	2758	037d3d90aca300cb0685d2c44173c6a9852e64b953cc0e753d4185660bbd1f8e
CHUNK-0055	5401	5500	2934	f4d96e5dfa28eaa4c1b2d01d5a2120167249b661e5c41610702230d13c054130
CHUNK-0056	5501	5600	2672	eb28bc201181fc49ca10b620895cea14a6ac4fe8a4b1e1c615eb08c4ee0453bf
CHUNK-0057	5601	5700	3292	b9ec9aef9969e8e5d9b16711f3a6c1fd6a8aa96a50d253593286862689a59ec9
CHUNK-0058	5701	5800	3004	743001d630c00dce3685fa4a22b5b6e3a244b6a1706f3fe9668d8f4d8a89526a
CHUNK-0059	5801	5900	3233	6cbb2ce3b4ee0041f7a4ecec3cb778717528ade287cbcc2eb1235b9cbf622ba0
CHUNK-0060	5901	6000	3251	534088d7b9e00a3c990154e38ff16d72da7a997906cf23ccf67de75dd731c4a8
CHUNK-0061	6001	6100	2504	7c171f71de9fb7d6c4f0a724cef4670e94622e0b2ef2ac916eb4756828e677b9
CHUNK-0062	6101	6200	2034	dfa805d422318c3d4371f3210bd9f90d1dd71c82ccd03ce9517cca02b908a5ec
CHUNK-0063	6201	6300	2761	f5b2e5e3f581807723a18126a1a8e318119fbfc5850e1c106e1ea9df452312b0
CHUNK-0064	6301	6400	3390	ab24d7aeb3e455c13ac05503a5afe4416b645206bff426e2ca08f069b463c399
CHUNK-0065	6401	6500	2871	594917dfd83d8d6b7d35e4a6b9f6f28f88135b78cf88d751ad02b39a61968fa6
CHUNK-0066	6501	6600	3542	49ebb352dd2d739eab73ed46db7589309e802837310c80ef8781f60629a18193
CHUNK-0067	6601	6700	3558	74c33653b2ab8a957bc65ede75a2b84e90e9d296eaec14a9bcedd8ea28826258
CHUNK-0068	6701	6800	2621	01a79b148b6ff2a305cf30fa07f4d4006bb553b4021db583d27cb8803aba0fd4
CHUNK-0069	6801	6900	2615	6c3767289afc946577f3d78d731ba34bff670f63cc4cda94df0678d5cfd22b01
CHUNK-0070	6901	7000	2702	dcde2304e4152e16702089996c5d8cc1e9bf02d833fc3892d9d332e156d35e3c
CHUNK-0071	7001	7100	3071	8831ea3ee1837da186864c36b89fb90c116ada597374d42dc2ba610b616b3ec6
CHUNK-0072	7101	7200	2898	b8ee9795c5124f6b73e1d301d87419af94592a7dc846a676d86ffbd107be5b55
CHUNK-0073	7201	7300	2598	90b20b232385828b386a610ea3d13e8957973c97da556332c752e1328cd403cc
CHUNK-0074	7301	7400	1981	f00dce05d33f37230a049682ed4bdf4582c2d1dc2f57fcdb4aff5439bd2a3774
CHUNK-0075	7401	7500	2514	3e3d679da5ae4a0a6c3ade51210cd183cf45988cc6c25f258ddb8c9e0cc39a1b
CHUNK-0076	7501	7600	2890	31d6775764d579aff685b77d251b2639ffd81e6bbcc9c8eba4eda8b824aa1ea7
CHUNK-0077	7601	7700	3556	6e313bc01a382a9b1faa437dbb7c786c5edd3d4ddef6823748bd4349beb270ec
CHUNK-0078	7701	7800	3296	dcde17c78b2d727474d55f5c472b94102342ec0e8ca101954a577aca4ec62837
CHUNK-0079	7801	7900	3641	a3b0e43e35c6d7fa6675d8afb330364a58f4784258a6f8c0423b1cb80dbd625d
CHUNK-0080	7901	8000	3697	d1eb7d6a1df4aa8bde356c41b6cbc27e1414edde9c791a3d3b7f3ff55f0c02c5
CHUNK-0081	8001	8100	2655	66f051d136a568d9c4697542cc071a93fcd82a711d84ee0349e4679ab7168448
CHUNK-0082	8101	8200	1970	6f6832e6560e6ea3237fb9daa67f13c52ce5d45fc9e2643e802d356a766e030b
CHUNK-0083	8201	8300	2089	c6bb114f8bc15b4681812b22cbdc37fb1de5b81b17faebfb5a971885eeb210d4
CHUNK-0084	8301	8400	2666	7fbcc8e3039741ab6d258a692a1ded6c3dc3f3cd1be7917ea6927ca1bd2a3394
CHUNK-0085	8401	8500	2790	b9b9a3c23e197107daba30ab41877ff7df6558ab1940df08f1e32e2b0e47fc87
CHUNK-0086	8501	8600	3073	30cf57ed138a49282f2a6adbc04cfc19fba55bf1dadd34d6c2262ec12f503796
CHUNK-0087	8601	8700	3097	d2ab63753b0491df2148a0d36ce9d65d0929a6317956cd7f45eb07587c7a3da8
CHUNK-0088	8701	8800	2872	9581ff59490fa677501c05b12627f90aa14efdeeeb084735489f8adc39f7e9ac
CHUNK-0089	8801	8900	3632	625fb2d18af0df93a3dea37e83801563afbf0d52128af5cdf1dd76c9d9c1bdb1
CHUNK-0090	8901	9000	2690	007fcb104a07651f53dca3b62d6f6faf00b9567941becaa76f358b11b1271e92
CHUNK-0091	9001	9100	2849	5e2d94faf37012ce689ee86ec6293c38c516ca9c4daf6154ab97863c29f161b9
CHUNK-0092	9101	9200	3173	f61b589c2a8f7a51a7a54c00be40d84d881805cc26ca3159320a6383ab8a2892
CHUNK-0093	9201	9300	4867	230edf21d6374529178ed2522f28f96c9cc3e114cd85a74677fe71222ad1c15e
CHUNK-0094	9301	9400	3633	1833e70771bda6f6256bc979a141c3f332d0ce93e4aa3e2587fa6037f35acf18
CHUNK-0095	9401	9500	4005	8b2f51cfc4ac68de60928879f71bbb1f5a634feb47156320fdb8228b0a7a91ea
CHUNK-0096	9501	9600	4739	7d9b00f751c356e1cb2f3ac82fc3d09609e6f3a4498a0911fe45e020ed7db32f
CHUNK-0097	9601	9700	4017	62c4599fec1d83d09b88c1d374dc7eaff718d31bd1c4dd7f58876a4a7fbc8eb7
CHUNK-0098	9701	9800	3941	bfb79fe36e275786ca330524654e49dca30df29ef2c73db33c10504109e46e9d
CHUNK-0099	9801	9900	3210	776275a82c06ab6a68998f302cc5b76bcb81ce3bd0a8d475cc429fccfed9d098
CHUNK-0100	9901	10000	2243	21e7e67d22354070420e4c802d9fedc69f44a98023fdd3c923e89234eb7a37f2
CHUNK-0101	10001	10100	2928	8d4cc9f37b436fb032bcc1a8bd704ad01241b608312cafb2dc006367134e9c6e
CHUNK-0102	10101	10200	1967	ac6642511b37d3257d7f049b0b0db8fcc3ca468879e4d94a8007b6d4e1321de8
CHUNK-0103	10201	10300	2028	a3fdcacb3b2f8d0da6e8060653fc631d651b4a65e5424516f2da0388964afff8
CHUNK-0104	10301	10400	2587	46e0cbf29ba4354e103c91a05d5840a6c5fb48c1d4413fff1a1be729ad8c2b11
CHUNK-0105	10401	10500	2489	a5934e6693acd0b146a8751fafdc87efe4e199b5d0aaf890f7d404b819468f76
CHUNK-0106	10501	10600	3078	2ef0a4662a970d6096dc3f3afbe796f32d61aff2b45a11845792cc87da0f5970
CHUNK-0107	10601	10700	2886	2c276a15548adee012de098c560171950384a8393251f91e29d77d3033a61c54
CHUNK-0108	10701	10800	2903	2dc1bc391449a24bf692e05e0fee0df494f6c16dedad4d9b50938beade404926
CHUNK-0109	10801	10900	2989	1c06cb3fea8b02d2e8d16b05abc57d3f2cc916636d5b6bebef8e2302c5de3a68
CHUNK-0110	10901	11000	3192	922ee7c96bf35955b236257b8d6f687299560427ead5505179cda03ee2ecbc9c
CHUNK-0111	11001	11100	2518	f1df78a1333fe2a6584ff6a8b225b61463c8c9364c2bc0b72639c28d62f38588
CHUNK-0112	11101	11200	3210	b5ff1f4fcb3b90cad84b6f991caf4532ac02952b3a689e6a268743c7306e2722
CHUNK-0113	11201	11300	3028	d775e01477d59294c748cf2d71d96818e92d7c1103fed2644f3be1780ba30d68
CHUNK-0114	11301	11400	4040	77305d2213c330eb95c1813c8e01b1a4ebcf5d863f6ffd70c73b1fcb44ba741d
CHUNK-0115	11401	11500	3219	583be67fcb9fcab480a5592af782beedf511bbeacac1fe7ae95936e5403ea4a4
CHUNK-0116	11501	11600	2104	d19e6e1dda2cfd5ff38e82e0338217c3105f0ed0d18253fc2458bbc00f0e9fef
CHUNK-0117	11601	11700	2075	8f4ca72e629790599687ad8e110e1c36b5ce2f4dbae4d6a15db7a8263a958752
CHUNK-0118	11701	11800	1982	547b113d7acc37fd0a5c554841cc343446376bb290d5fb2f1cd0f88a50f71894
CHUNK-0119	11801	11900	2412	c281c213787791eff060956164cc2b38f61c85a9c43307c446d75bf600b3fa8f
CHUNK-0120	11901	12000	1943	0e7a23e6b9f1d98f75302cc00f8c869f51a205085753f6d591c82c02cb24b8ac
CHUNK-0121	12001	12100	2310	d2d3c632896193e5e2593cdc93d2b122c08ef38fb2043e4f48f703b56a632b96
CHUNK-0122	12101	12200	2899	4703fb0a38545c82006a54ae755b8c04f6f0935a265c3a14ad3bce0be0718438
CHUNK-0123	12201	12300	3023	de613cb66b233ca19b5b1d0c81c3d670c49ea7fc4cfdc6a4eb544e44bb2a1fce
CHUNK-0124	12301	12400	2478	48623f5067c75fa64813ed969d9bf424f171f49f0cb52748daa7a16e725d3804
CHUNK-0125	12401	12500	2341	cdb7e11da905bf14e5c185469d1e6a8ab08045a121a37f90a265465121c19e5e
CHUNK-0126	12501	12600	4110	a6c0c6020de6b4fd69f8e9898f490844a1b97e156dac7e73bd67ed19adfdccb0
CHUNK-0127	12601	12700	4077	2d2a2a16a5af6f1055cbf24ea56f73010c7d7454d230ffc6dc9a1ba9c7b7055e
CHUNK-0128	12701	12800	3507	19c5826840a2d1d46a86ecd2709bead85b7f10d70c35bead926e3e0b5b3b4b34
CHUNK-0129	12801	12900	4288	5303a3d23744d77638d0d9e3ef075760b71751977c2a02aa643942e1aacf0239
CHUNK-0130	12901	13000	3658	ace11d36cf62e877f3e4c6a2e5c76f8126d631f27645e66cdbee21189fcd36f3
CHUNK-0131	13001	13100	2414	0211ca7f0903a33a3727d3f21dd2ff816870ec0eb43d6815855c9d6cbe8b5695
CHUNK-0132	13101	13200	2285	1ec7a335b59395cfd98bb5188fe96129a5c3bdf91e62e2d0c0b14a6607c57f7d
CHUNK-0133	13201	13300	2134	3d5035f0b26df7bc5edd8ae0d361b71cbaf2e7794df0f81d138c9a5c0b43637a
CHUNK-0134	13301	13400	2474	1a6dd1da4ac04b01e47bcafbd308e863fa18859be18048e15e91f4a89791cb76
CHUNK-0135	13401	13500	2959	3dd6be95320c9c0ea8c0825c94d055e1547b91b6f97fed42ab2741373e3b87e6
CHUNK-0136	13501	13600	3463	f8675179cad76b6eb9c89de27e8cd7520e109a115e48bead89ec96b03d128bb2
CHUNK-0137	13601	13700	3193	4dd847139581734d0e1814f17ce6f71d4d1c584260b5971f899f5e82a0c58f01
CHUNK-0138	13701	13800	2395	e2463471588740ee3f7035e174513f2644844f281e45597bce8787f3cc64552e
CHUNK-0139	13801	13900	3492	504f7d06de2c6678778d07706935476ab15adeaccd73237aa459c8b19b753125
CHUNK-0140	13901	14000	2822	e228bd0330c14ec98918ffac2c4ad63d864a5b381cecb8f45413ce5f1e0e785b
CHUNK-0141	14001	14100	2907	084563e2bb949c7ce1a15551ee5b686ec45465d101c2cc27d9001289ae846c1f
CHUNK-0142	14101	14200	2820	f4e9906038202280d794559dcfff574956060959456410467a34ec72ed163b8a
CHUNK-0143	14201	14300	2379	3fe56c0b7ff01dd4f58d4bd7fc7afecfc10aa50f9ad97d1a04a02eb10ce9c4a8
CHUNK-0144	14301	14400	2862	6f444bb7defe49fc346a6992c64131c91cadf031856a161db52e345c995d88c1
CHUNK-0145	14401	14500	2377	30084f23877a0289e912d0954a1abb0dc9e6dfd250b16ea227b7341fdf8a5613
CHUNK-0146	14501	14600	2640	5c68500da245a4e319e741176705c3542a3a1aa886eaa93396563d61a218e0d7
CHUNK-0147	14601	14700	2594	2a8c75d123cd516f0077c8e1d22d26efb894d1289a283a7a59e78f02be37c1e4
CHUNK-0148	14701	14800	2286	aef4ecd0db8712f103c97d05ceef06ee17b56218605accb00808c08dc4081b66
CHUNK-0149	14801	14900	2905	57783fbb68c53f9589a1b21aef74c05b02cf1777a41b3cd9ba769567ded8776d
CHUNK-0150	14901	15000	2881	e46ba7f3c8aa07f57713240950a3d703bb24046b5050f6c744a3f566e5610b13
CHUNK-0151	15001	15100	3232	e9d7bde991ef686568eb374f7f6468b740565af7d932e0980223636abc6de73c
CHUNK-0152	15101	15200	3686	8b8bba55c6a65f1f09f2686dbf085740d3c5fc4f8773153bd803d06caa92c158
CHUNK-0153	15201	15300	3300	b4d74bf8f0788298c80dfc398be7b82d7accfce1f4c175e053a7d10dd4ee5420
CHUNK-0154	15301	15400	3394	d5cd6f07db10e287fe4fcc5d76329d8668087de1f2a8818c0100ef99268a196b
CHUNK-0155	15401	15500	2236	f1bc27f91d0fa32e590a4fbc248da2f3ea71ba7e76417abb122ab8befa36a98b
CHUNK-0156	15501	15600	3026	bf13cd59c58cf2b62903a4ebd820b64e0277037a7a6a9fe154f5199a5fb4e243
CHUNK-0157	15601	15700	2808	5c3d45407477d0aa9c3436b8413640cf2bc6eadbfbc912fe5a635722dfac8a6f
CHUNK-0158	15701	15800	2752	8fd04d19715f21c59cfc00afa5ec05e615d9f717b15dd5a7854d382c57f2c667
CHUNK-0159	15801	15900	3045	87ae685ce9ea13edd6209421d22be19c81b2edd238257bc98678b98ef29e6d7e
CHUNK-0160	15901	16000	2334	b48c746db0faa061b81b47fc54016a4d04a74b369cfddca6de870835515620de
CHUNK-0161	16001	16100	2734	5d1dfd065011f148ba99e0e04ab20a887fe0dd3ef0d2137081a5af9f4e7c2e21
CHUNK-0162	16101	16200	3393	61f3208e165855cf0589f8152d52d2715f2e2b85c5a8cd7736c4963b32a24070
CHUNK-0163	16201	16300	3086	92ba8757ad5c1dfdb122ef68eef4cf8cbd6cbbe4e320a2e404d4e11877fd3e35
CHUNK-0164	16301	16400	2761	3f58a9a1611effadb08b68d7462abba429d5c0425d9f4862569b10b320d9a720
CHUNK-0165	16401	16500	3346	deb9c115296c7efd7a88f627c6e7a3149e08f3f6246868e9f33c7f199ddb9a85
CHUNK-0166	16501	16600	3327	4d78f451e6a0297115bcf7fdacd813ae0592714d36e3005f3b23fc3933cc5e5b
CHUNK-0167	16601	16700	2743	6212834888e28e6d1e0d23a7d69d0818aa5ba63d6c1d7e18fb2bb303082af032
CHUNK-0168	16701	16800	3753	fb076c540c2df8e7e38cce1fd4e7d6c993e359d29411ef944984267de5f402a3
CHUNK-0169	16801	16900	3209	ff0714f72d83794628e1378b2738e1ccd6ec0d299688cb4076c8932b00c19772
CHUNK-0170	16901	17000	4167	9a85e3977131e0bea4294418cecb810ae8930ad385bdf830604db96021042802
CHUNK-0171	17001	17100	7435	8b4def7585044f801e1648e22bc2c1a78bd68a114121d1ff9ff965c60fe38b41
CHUNK-0172	17101	17200	4425	8dc3732e514f97a7c22ce34803c07dad063cbfd3ee6a4113af467a4bac06ca6d
CHUNK-0173	17201	17300	3559	35a4a5fc7f0811c41a96be8d03e5472e7507371db6d5cfdfc268587347e93e27
CHUNK-0174	17301	17400	3784	c73309879492596c3875b90f1ce447a2eef14d1978ea9c319ab099da0a6497b9
CHUNK-0175	17401	17500	3102	98bd8a9dbc12deb7aa194e106c98f3abfc696aaf8179f31f4b5a8d208308c2c2
CHUNK-0176	17501	17600	2823	3265501fd77e3711fdcfd8daea9d180bc2a03b17587e07d1fb3ab090776cc9e0
CHUNK-0177	17601	17700	3130	88d9331fb8d4bf7d86470cc5a7e9f366b903889c37c3fc5e89a8cbc5005b40f9
CHUNK-0178	17701	17800	3158	7ea53b23215f33d8243eb8862dec5bba9eb4e72500f858e351f62b174295e545
CHUNK-0179	17801	17900	2015	76418342482b7c1dd07b6b89f46e11f652a8d241841f99f1a343ce2a5fa11aba
CHUNK-0180	17901	18000	2987	e4b90816f094ded7f7031c98fb37cdac4372ee8404e7444844fd96dabb055875
CHUNK-0181	18001	18100	2779	b3011fbce4d16c2513accca9701f4db1de886e7f13f5cba8c461277583ac8544
CHUNK-0182	18101	18200	2908	23ab13292ab9cc43a8ae82d04a395ce73a90bf2e94ec55f1aa13574d96c5deb3
CHUNK-0183	18201	18300	2806	b08228e618fa07e592f6b00ba5e1526bad344737350d2eff1db4c1ba7abb9699
CHUNK-0184	18301	18400	3057	8df65cad8b60907bb796b650bfac5093885e49994e67cb05440364970961ef4f
CHUNK-0185	18401	18500	3196	a57b7e726235f12dda5b143cf12b8301511a9748e6dd332b6a285b1d19c66411
CHUNK-0186	18501	18600	2937	5985bed4ce524a50a5d5be79b44805fc2b184cd147abec150aefb868ed460620
CHUNK-0187	18601	18700	2764	a9db6f63adf49bde4b7f0326a069425342109346bbe13358732a84f91cc23ee1
CHUNK-0188	18701	18800	6599	6768d86f3e2d11fa707ef692faa2130f9910932c61a6351390c2f4607be3e259
CHUNK-0189	18801	18900	6476	ec4fbac85e80cd61f918bd50f9086326ee987b59f5cb2597558e02a623d47d19
CHUNK-0190	18901	18928	629	e97507fb0b8c9cc637506f94e19d252ea0d8c11517fabc495e66dec665775598
