parameter_kind	adapter_id	semantic_contract_path	semantic_contract_sha256	adapter_contract_path	adapter_contract_sha256	implementation_path	implementation_sha256
cron-command-paths-write-protection	product-cron-command-paths-write-protection-check-v1	product/contracts/cron-command-paths-write-protection-check-semantic-v1.json	d01469715ad382e3838afc0a73200075541e8a93a0bdb5ebcad5a39867c0036d	product/adapters/product-cron-command-paths-write-protection-check-v1.json	5f505b9f88213513074959def8978da3f28daf9626345fe4dd6b5b5d4e8a167e	product/adapters/product-cron-command-paths-write-protection-check-v1.py	6732c11c8b87f6757ca0b2b1f0bf7930b8f56cdb94d273e0fd4dc9b6b512d084
file-mode-owner	product-file-mode-owner-check-v2	product/contracts/file-mode-owner-check-semantic-v2.json	ead8459d087217bdbb2512d5d8760e7d8635290303a08680070eff067fd9e656	product/adapters/product-file-mode-owner-check-v2.json	4705b37de4b99ef2fcb5b958d0a0359d143c5545974bc8dab7ccd4faed5ceb2a	product/adapters/product-file-mode-owner-check-v2.py	d1ffd5187d946c27c59805a24660d2400b66eada54feda0774d2cf82ba09863e
home-directories-mode	product-home-directories-mode-check-v2	product/contracts/home-directories-mode-check-semantic-v2.json	163fe3d08be697984641cfc896487e630403c9481339a1b84457b97a7c76f9ca	product/adapters/product-home-directories-mode-check-v2.json	2aedc125b3cb095f405d0ac29665e0f22ff567d55231e0557dfb5607481ca0f8	product/adapters/product-home-directories-mode-check-v2.py	71c272b53538c3ff96bd47e5e5911bc41c2761dec633a0aa15c7402e45692060
home-sensitive-files-mode	product-home-sensitive-files-mode-check-v2	product/contracts/home-sensitive-files-mode-check-semantic-v2.json	4853f540825a2fc9b37f4728ddc19b01d4f7e83847635b3870f88d4827f8ffd6	product/adapters/product-home-sensitive-files-mode-check-v2.json	ad6b570114d9c600113a6166bfa0c4ca901d90fababc4cd11b1c5486465f48b1	product/adapters/product-home-sensitive-files-mode-check-v2.py	03ab45b1a7dc4506340e9935212255d5c712ce72a6b998b84bc417cb8e58cf99
kernel-cmdline	product-kernel-cmdline-check-v2	product/contracts/kernel-cmdline-check-semantic-v2.json	10de2ce43d3fc5e19f6f7d9e486c9463e7a5cf4867d72c6fa6a01ecd08269e50	product/adapters/product-kernel-cmdline-check-v2.json	f0fbde8d1f438f345eb276418a43fd8fc865dbe647363b55ba5c06ede92a59b8	product/adapters/product-kernel-cmdline-check-v2.py	534ab2ed18523b1b36b2382ddda881831cbd0ffb61edfe1fae3864fe6ed81b36
local-account-password-state	product-local-account-password-state-check-v2	product/contracts/local-account-password-state-check-semantic-v2.json	8351b4431f8f6ddd403afb4315cf2f8b5ebcf3f8d9c38f91bb3778e5086593cc	product/adapters/product-local-account-password-state-check-v2.json	b61bf8df26744aade1d1fc284c1e64e485ec1fca706312e237ad04cad257e0a0	product/adapters/product-local-account-password-state-check-v2.py	041ed9a038bc735d4d9f3e0f95c956ae197365aed7c334daf60ecbe2bef76666
optional-file-root-files-mode	product-optional-file-root-files-mode-check-v1	product/contracts/optional-file-root-files-mode-check-semantic-v1.json	35f57d7fe38bb1e7714e97fe82c74f03aac33d9ec1a0d745e2d6c271f36d86e2	product/adapters/product-optional-file-root-files-mode-check-v1.json	4b0284ee1cd14be7e399c4fd132aa6058a5e1c0bc7d5a67c1015f99e8b136ebd	product/adapters/product-optional-file-root-files-mode-check-v1.py	93bbc702e1a516b76a15d30077ce66c44c857859aeed5b9d86a584746fd35220
pam-wheel-access	product-pam-wheel-access-check-v2	product/contracts/pam-wheel-access-check-semantic-v2.json	6b419ad3093a3634becefddda3418a247c81ecec42f8074978c17eefd08c7a95	product/adapters/product-pam-wheel-access-check-v2.json	0067b3c40bbb65a0fd07423689aa322834807e474f0a87d992e4e679da5cf6fe	product/adapters/product-pam-wheel-access-check-v2.py	54ed508c23f712069aebe797345cf5edf954be690ce99e562cdc5afb9fb3b7e8
running-process-paths-write-protection	product-running-process-paths-write-protection-check-v1	product/contracts/running-process-paths-write-protection-check-semantic-v1.json	05ee121a548ab26105af2efb26a3a8fa43647eabe022e069b64dc4a76c919274	product/adapters/product-running-process-paths-write-protection-check-v1.json	fa2193b2f3653846d8bc21b1426e6c579815dcf48ebdbdfa008f07e3df410238	product/adapters/product-running-process-paths-write-protection-check-v1.py	e6c92da4ba25991d829441a7d023438e78413577db4e70f3ea902788b6114845
sshd-root-login	product-sshd-root-login-check-v1	product/contracts/sshd-root-login-check-semantic-v1.json	5f22669198e49c77ca8062ff163e722924a199a4f6ece1e7fb7e4ce53966f400	product/adapters/product-sshd-root-login-check-v1.json	e90cdf56b44dfc8fc57817ec5cd01f6acb399542d0d994656ff8dda0cfc03d7f	product/adapters/product-sshd-root-login-check-v1.py	dbb3c2793c0bcda5eacc963dc3c8e72c993b034720ac7206c8146e5dec2f2ccb
standard-system-paths-mode	product-standard-system-paths-mode-check-v2	product/contracts/standard-system-paths-mode-check-semantic-v2.json	a71ce393cc1b83a087f30516ac5a8dc5379bbdd3ab32992dcb2b8edde4c41de4	product/adapters/product-standard-system-paths-mode-check-v2.json	76b966250d242fd9dc266dbe726c17bbd3a2abd2283227c575de2b7cf8665334	product/adapters/product-standard-system-paths-mode-check-v2.py	7a823bb1721f774c7f26963c67dfc9a1ea2ca9cde33285141f77fcfcbb43cb56
startup-files-write-protection	product-startup-files-write-protection-check-v1	product/contracts/startup-files-write-protection-check-semantic-v1.json	6098e676f64447097d2c3be5c44d30bb8f8bd2a379d3dba4fb9c38af88355737	product/adapters/product-startup-files-write-protection-check-v1.json	86d848929c2ec2873faf65f34c6e980cf59d58b83f95020bf869f8b81521a297	product/adapters/product-startup-files-write-protection-check-v1.py	0a0845beb56938f92f3a7a0a4393c43c360b4c1f69e94b0d8b1fdc6192cdf442
sudo-root-command-files-protection	product-sudo-root-command-files-protection-check-v2	product/contracts/sudo-root-command-files-protection-check-semantic-v2.json	19977d5c1231c28d80d0cf2e717bed95135559d2897a7c8ce9b1bb56f36731fe	product/adapters/product-sudo-root-command-files-protection-check-v2.json	54798025f0ad9bba0ed04eb9719498875c515a4bed738244e8ce2b5033ac65e2	product/adapters/product-sudo-root-command-files-protection-check-v2.py	67f2205c4bfc54b297027a6a1ccd78564b076b7b95ff7d6d83975020a2c3bc0a
sudoers-reviewed-policy	product-sudoers-reviewed-policy-check-v1	product/contracts/sudoers-reviewed-policy-check-semantic-v1.json	c2ddb8b4643a5dac0996dc5bd6f250af8627d49a05e77ae1c5a7187d9ff85139	product/adapters/product-sudoers-reviewed-policy-check-v1.json	1be47bcba6dcca29c0b4e5dcf06611d7352141169bd7e2d0e78627f3e77a769e	product/adapters/product-sudoers-reviewed-policy-check-v1.py	0202d78c9d4c5ce7b62f8ea6844333fecbed9df5895ef7d1e9ed9f8fe33520bc
suid-sgid-applications	product-suid-sgid-applications-check-v2	product/contracts/suid-sgid-applications-check-semantic-v2.json	18ea993e68d5cf6e70968cc25d023a68f7b82e66a0fa93a251a55b971757e64e	product/adapters/product-suid-sgid-applications-check-v2.json	18cd406165da1ea48d57cc948db4e86763f762b9f3665a34c67754c184050806	product/adapters/product-suid-sgid-applications-check-v2.py	0dfcb867919131a42ca7361d0ec63728f65ef2b933d528fcb7b7e0cf91be2052
sysctl	product-sysctl-check-v2	product/contracts/sysctl-check-semantic-v2.json	f912d89b80d2a17819a691190cf8c4bdb1c5340545a5a6b0b1e5b107757a3695	product/adapters/product-sysctl-check-v2.json	4bb445ff312b97368150514f825687467c12aae984833412be6830877d6ff6ee	product/adapters/product-sysctl-check-v2.py	ac348026b5e2e11d27bcfe3c1b5978a2bc6464ff98ee0ae911244a6f0c93327f
user-cron-files-mode	product-user-cron-files-mode-check-v2	product/contracts/user-cron-files-mode-check-semantic-v2.json	e2099c6abb144a09eb4bf848bc47ebece27f053441d3bff7d1d58e23c2753c14	product/adapters/product-user-cron-files-mode-check-v2.json	bc4bc9b9998249430bad6e9f1dad0be73450a6d2ab6f1ebbd9b928b93c21f6cc	product/adapters/product-user-cron-files-mode-check-v2.py	1efb24d36aec57592688472f8c2b0baadc23b32a5ca1f79fe018e3b5dcd4f0be
sshd-config-option	product-sshd-config-option-check-v2	product/contracts/sshd-config-option-check-semantic-v2.json	9d08a8006469c7fab7884078e940291566c286e011897759b63bf96234310c94	product/adapters/product-sshd-config-option-check-v2.json	aa24117bdd20ca60e5adcf4db2a34db3ebb533f1cfd92f2684dd93f6dabde894	product/adapters/product-sshd-config-option-check-v2.py	55ff552ebe80afff3e7407a8d110f9489bc2c9209b2863c94984e6654081969f
network-service-disabled	product-network-service-disabled-check-v1	product/contracts/network-service-disabled-check-semantic-v1.json	f02f3083142c13b463be08e31576d54f6815370afd51ecd3a75b540746c11129	product/adapters/product-network-service-disabled-check-v1.json	47756e2ca40959388052a7b5790d9f072721d9e718e2d1f09f1aad1d0f14e68f	product/adapters/product-network-service-disabled-check-v1.py	024224363009f6243e5b1c2f3a9362c53b9a9f0cf19758c719afd0f3cce577c9
login-defs-option	product-login-defs-option-check-v1	product/contracts/login-defs-option-check-semantic-v1.json	11290ba6538c908723ba37166746596f20be786c606520fabfd7fde879586499	product/adapters/product-login-defs-option-check-v1.json	b8ba4d7a9751edeb8302e8970d688dc5f9654a1a5b28f7f9ccef284b282ac414	product/adapters/product-login-defs-option-check-v1.py	f3132c6c75801eb1f0544e30bc6887f77fc268b2cd7f7665d42b10ed16f2681a
pam-pwquality-option	product-pam-pwquality-option-check-v1	product/contracts/pam-pwquality-option-check-semantic-v1.json	cb5528b9468106c9739842b194b466a2c532c9f5854c5a078f8bc48e08e0f389	product/adapters/product-pam-pwquality-option-check-v1.json	96c9b5fa050225cb39cc75c1252a057cf96cf6d0d21dc904b53f97e59e62f5af	product/adapters/product-pam-pwquality-option-check-v1.py	66dd63cdfe79bbfe250fea08c21d57ebab68696894694d8ee15b74abf16cf4ad
pam-pwhistory-remember	product-pam-pwhistory-remember-check-v1	product/contracts/pam-pwhistory-remember-check-semantic-v1.json	65e344e0b32f2c128135fe37e2c5f5b3bbdbbc656de13656ab51f162114a830f	product/adapters/product-pam-pwhistory-remember-check-v1.json	8951633d567d3566be2b45149b78e2c15f45041ec29e9d9868f0c23016f8fba0	product/adapters/product-pam-pwhistory-remember-check-v1.py	2eceb04aacd64320ac2aaf23481cc71ce0ba2a239782500868659e33fee1fb9f
auditd-package-service	product-auditd-package-service-check-v1	product/contracts/auditd-package-service-check-semantic-v1.json	1d22502fd96bd402bd1efe60d470649bb5150e0da1d5365e9b333eccde58501c	product/adapters/product-auditd-package-service-check-v1.json	9f5d1fdffa1e03ff797f728d8c230ad19908b47e13130ec5102aa405500e4fc4	product/adapters/product-auditd-package-service-check-v1.py	39fd71f46db351f948bb82ef74aa43747f5afdbf9815a3acfd3c0a28a51254aa
auditd-conf-option	product-auditd-conf-option-check-v1	product/contracts/auditd-conf-option-check-semantic-v1.json	c9ba458df046d049a6320137eb4aba730b879092ac24e38dc727be5f198e734b	product/adapters/product-auditd-conf-option-check-v1.json	18e88866599f5a19962017b5afae847307ec7dd00946906f122a887367ed0329	product/adapters/product-auditd-conf-option-check-v1.py	451cd59235ef1a1768c47c04f0e9ef724927007cc439e3870540f05dc8b5df5b
auditd-rules	product-auditd-rules-check-v1	product/contracts/auditd-rules-check-semantic-v1.json	171785ed3312b8677a51d2cd492b39d7abbc9164bc1cc4b6b7a6ec54b7871ba2	product/adapters/product-auditd-rules-check-v1.json	fa22dbdc57df861dc706ae8a232f063e71167435ba367dadd9f5bf068c5d2dd7	product/adapters/product-auditd-rules-check-v1.py	24d2da98abeb9b70b0bcfa28780f7c51a3e53f212c66b976d55fbdaf18762392
auditd-log-free-space	product-auditd-log-free-space-check-v1	product/contracts/auditd-log-free-space-check-semantic-v1.json	c50eb2248e8cd06d902761a7974bf0207282b41517d2f310a44fc117d037af0a	product/adapters/product-auditd-log-free-space-check-v1.json	4030e63e9eb42f5cea5d453bd886e22817f316489c17093281a06829b434b29b	product/adapters/product-auditd-log-free-space-check-v1.py	edfc41a85bcc52ce0684714679cc211197794c61bd86112cfea462d3cfad4b4b
local-account-password-aging	product-local-account-password-aging-check-v1	product/contracts/local-account-password-aging-check-semantic-v1.json	b1ccadcb57aa2db8a2f84d67b8b4cb202ccafe8834efe5a9120c52f2ca43b580	product/adapters/product-local-account-password-aging-check-v1.json	eb9ce5a24d9ab28510bb8ff6c391967d756b208ce221f468c40f816601e09142	product/adapters/product-local-account-password-aging-check-v1.py	87467ca99568bb667f5851276406ccc1925d3a57fb89d93827afda37942f5424
local-account-password-age	product-local-account-password-age-check-v1	product/contracts/local-account-password-age-check-semantic-v1.json	79a1067bd80fde2c25e97efc9fe6abe7699a27e1d97f709ba38a2c3eadd67c86	product/adapters/product-local-account-password-age-check-v1.json	625efb19abf8eb1010c77bd84d75754dada783a4b3ff13b52f06cd46d097ecb6	product/adapters/product-local-account-password-age-check-v1.py	bf1d67b5a14b7305295b414acf515af91a7668c3ead1f49f5e1665389ec7b6ec
