apply_kind	composition_contract_id	adapter_id	binding_path	binding_sha256	implementation_path	implementation_sha256
auditd-conf-option-v1	auditd-conf-option-v1	product-auditd-conf-option-apply-v1	product/apply-adapters/product-auditd-conf-option-apply-v1.json	b2daf85a70823c5a995dcf47ea793fca402c32dd962283fdb3062bd6a1400a5e	product/apply-adapters/product-auditd-conf-option-apply-v1.py	e6ef57ffe02bfa7191c26fce09f700e66dbe093f890077f7a729c353d45c2968
auditd-package-service-v1	auditd-package-service-v1	product-auditd-package-service-apply-v1	product/apply-adapters/product-auditd-package-service-apply-v1.json	bc1f929a67c4d226352515424fcf99d05738a43b463201dcab839bf23bc04967	product/apply-adapters/product-auditd-package-service-apply-v1.py	fcc07dc9fbf8adf1b242dd7c6d310b7c926d37662c64258785d3011e41e83929
auditd-rules-v1	auditd-rules-v1	product-auditd-rules-apply-v1	product/apply-adapters/product-auditd-rules-apply-v1.json	6ad118e187c63f112aadc4e8ba4517b773f065ea50716f10468731e28776f299	product/apply-adapters/product-auditd-rules-apply-v1.py	4b488273d5356df67426104c79e8588f8953b4cf1106c4e18969dcc926b16fa8
config-line-with-runtime-v1	config-line-with-runtime-v1	product-config-line-runtime-apply-v1	product/apply-adapters/product-config-line-runtime-apply-v1.json	9ceb003c746f04fd6801b62d2e3e0bb34d3438753dfdd935d02b5618e9ba7a60	product/apply-adapters/product-config-line-runtime-apply-v1.py	853de26f2ef5e3b84ff9457aec0f73b898603fbdfb03a0730ebcb6f0af2e645c
cron-command-paths-write-protection-v1	cron-command-paths-write-protection-v1	product-cron-command-paths-write-protection-apply-v1	product/apply-adapters/product-cron-command-paths-write-protection-apply-v1.json	31604430c44a0d3f68b5c8453398cc1ab9b66efd0da5f160d1b042d3b65b5109	product/apply-adapters/product-cron-command-paths-write-protection-apply-v1.py	432ee692cee711f4a30a6aa0d2898c856079cf6b5c2cf1dfc11e4021c4991211
file-mode-owner-v1	file-mode-owner-v1	product-file-mode-owner-apply-v1	product/apply-adapters/product-file-mode-owner-apply-v1.json	39421c7e9bf5dce9712db0c3c8ef5dbdb33e2f87514ed9be78f22d086c845155	product/apply-adapters/product-file-mode-owner-apply-v1.py	549c004ab8fc1fb131e95754ded533e01426a2cdde85fccb45ec36632c5e9ed3
home-directories-mode-v1	home-directories-mode-v1	product-home-directories-mode-apply-v1	product/apply-adapters/product-home-directories-mode-apply-v1.json	29c6df9ca97d0cbcb522c416b8a39cbce996927976e147059c2c312ecdd16f1d	product/apply-adapters/product-home-directories-mode-apply-v1.py	a48f7e0d56b850964dc74c35128789215eff78dc1aab34c427a29e67a5ef8a70
home-sensitive-files-mode-v1	home-sensitive-files-mode-v1	product-home-sensitive-files-mode-apply-v1	product/apply-adapters/product-home-sensitive-files-mode-apply-v1.json	bed5a600a5c18cb52d0826813b64e42664a60ff201e958549fdf290b80b376d3	product/apply-adapters/product-home-sensitive-files-mode-apply-v1.py	f475a985e3561064723a97d5bead5e9655f6aa96577f340fd5bb50f68e92fa6b
kernel-cmdline-grub-v1	kernel-cmdline-grub-v1	product-kernel-cmdline-grub-apply-v1	product/apply-adapters/product-kernel-cmdline-grub-apply-v1.json	ae965acc38249ebeb3a76ee84393f221eedbb61fe8c2f76a0f9bc84010d796d5	product/apply-adapters/product-kernel-cmdline-grub-apply-v1.py	1f8f33cba61a361c3917a3e252a9108e588fc2c9fb9e89c96d68d8c75fc103f4
local-account-empty-password-lock-v1	local-account-empty-password-lock-v1	product-local-account-empty-password-lock-apply-v1	product/apply-adapters/product-local-account-empty-password-lock-apply-v1.json	82aef2aff5c3d2364404ca6f70d5692b84758cba6662c1be14b2219c8be3bd1a	product/apply-adapters/product-local-account-empty-password-lock-apply-v1.py	91542e56716f3efd4a410f621655eb31e40d509140b531363056cd8a2eab4965
local-account-password-aging-v1	local-account-password-aging-v1	product-local-account-password-aging-apply-v1	product/apply-adapters/product-local-account-password-aging-apply-v1.json	2e0bcbb9a6d2f0ade784d8a8ef01ffd41c4710b1301e89d9a5f8786defbbe2be	product/apply-adapters/product-local-account-password-aging-apply-v1.py	c6469896a4220ffb2b1be71172f0788c3f8b1134ad685c4476683a53095f4437
login-defs-option-v1	login-defs-option-v1	product-login-defs-option-apply-v1	product/apply-adapters/product-login-defs-option-apply-v1.json	0ecefa2ae6c0e9455aee561b571030ebd84a1e1c3b16f3cee3a60c278ee63897	product/apply-adapters/product-login-defs-option-apply-v1.py	6d79fccc2f7fd94f33d0b895c0c5dd9da7bee8138e2b066582a442a4a1de8245
network-service-mask-v1	network-service-mask-v1	product-network-service-mask-apply-v1	product/apply-adapters/product-network-service-mask-apply-v1.json	1be6c07cc3787731308f782ac374bc547c5f9d84c52f3520d8f2b402dbf4f214	product/apply-adapters/product-network-service-mask-apply-v1.py	063a0b03fe98b966d1183ced37c34bfe41c1477f57ab5f244fce87fb7096b146
optional-file-root-files-mode-v1	optional-file-root-files-mode-v1	product-optional-file-root-files-mode-apply-v1	product/apply-adapters/product-optional-file-root-files-mode-apply-v1.json	b64c14c2ea4a2976bbef4ac41c7214de491be3ac3265afd583c394299fcd172e	product/apply-adapters/product-optional-file-root-files-mode-apply-v1.py	c9c58306189ef3dec14947b256a925fa3e8acf1d381ec26caecfb53303e0401e
pam-pwhistory-profile-v1	pam-pwhistory-profile-v1	product-pam-pwhistory-profile-apply-v1	product/apply-adapters/product-pam-pwhistory-profile-apply-v1.json	c00f0a30b8392117932029155188e01ea37eecf9baee345aba0e8e4a67af5a7e	product/apply-adapters/product-pam-pwhistory-profile-apply-v1.py	edaeabcc1e4aeb7d8e29f8d3b63313bb85c2341589c0af2f5586c07561bb1494
pam-pwquality-option-v1	pam-pwquality-option-v1	product-pam-pwquality-option-apply-v1	product/apply-adapters/product-pam-pwquality-option-apply-v1.json	6876bdcbbf34a8cdf9d577ece4f58cf6972ff4e1ac559151d0e2360a8245b05d	product/apply-adapters/product-pam-pwquality-option-apply-v1.py	fe6c18377b14873ec87a9593657e00f9807e040e4f505f2d975497bde0c2af45
pam-wheel-su-v1	pam-wheel-su-v1	product-pam-wheel-su-apply-v1	product/apply-adapters/product-pam-wheel-su-apply-v1.json	da36db37c30533fdd62713b2a10487cd6ed0566c6aa107031c46f3e5b8013790	product/apply-adapters/product-pam-wheel-su-apply-v1.py	b4597b95dd29f8c048d65a3225ce80ac190a69a595c1205ca0ab3f004bafeddf
sshd-config-option-v1	sshd-config-option-v1	product-sshd-config-option-apply-v1	product/apply-adapters/product-sshd-config-option-apply-v1.json	fe33deaf600a4febb6bde433ee54085bb92ad78cb26f73e2244dc0aaa94294ba	product/apply-adapters/product-sshd-config-option-apply-v1.py	621a71e4ab8c55be76873d708ea18125df2441425c403e4bf71477eec91256f1
standard-system-paths-mode-v1	standard-system-paths-mode-v1	product-standard-system-paths-mode-apply-v1	product/apply-adapters/product-standard-system-paths-mode-apply-v1.json	3f3c42dff0535b981667fa0e975f9fcf13e54910011a18d756a5722acb7cdc64	product/apply-adapters/product-standard-system-paths-mode-apply-v1.py	9d60edefaaadbdf4adddfd61c978110299c5a34e212eb7abbbe9134ee531baf2
startup-files-write-protection-v1	startup-files-write-protection-v1	product-startup-files-write-protection-apply-v1	product/apply-adapters/product-startup-files-write-protection-apply-v1.json	95a26ff484bb9d21722571e105a9b6f7589c9a7a155cc30d85fbeb0c4ac2bae7	product/apply-adapters/product-startup-files-write-protection-apply-v1.py	a4c8a0d2c8c028dc31bdd4e9ea403462d321e9924cf8a3deadc687d630deae2a
sudo-root-command-files-protection-v1	sudo-root-command-files-protection-v1	product-sudo-root-command-files-protection-apply-v1	product/apply-adapters/product-sudo-root-command-files-protection-apply-v1.json	2dff3a735919960273014c57221711af1368520a46f04693654a08fa248e89ac	product/apply-adapters/product-sudo-root-command-files-protection-apply-v1.py	9435c5650418b7ef8869e50b1203199cf385f7260fa63a7f05d596bdc4c49a21
suid-sgid-applications-mode-v1	suid-sgid-applications-mode-v1	product-suid-sgid-applications-mode-apply-v1	product/apply-adapters/product-suid-sgid-applications-mode-apply-v1.json	6d1cf97ac7ab9a8fa6340caf8936a06dfbb1106f39e863828f446239bd6c23f4	product/apply-adapters/product-suid-sgid-applications-mode-apply-v1.py	797e283275a37f9a1a6c07821c290e9ada4fae88498086242e92c63663b5c530
user-cron-files-mode-v1	user-cron-files-mode-v1	product-user-cron-files-mode-apply-v1	product/apply-adapters/product-user-cron-files-mode-apply-v1.json	6e0e9b2819adb153b63432f41699bbc0d1e84084af779a584627c841ba47bf45	product/apply-adapters/product-user-cron-files-mode-apply-v1.py	662396ece08e6167ca5d5b45927af417995f1846fe65dffd0e1dd958910962ad
