apply_kind	parameter_kind	target_class	authority_form	architecture_id	architecture_path	architecture_sha256
auditd-conf-option-v1	auditd-conf-option	auditd-conf-key-line	MECHANISM_AUTHORITY_V1	auditd-conf-option-v1	product/contracts/mechanism-auditd-conf-option-v1.json	b8fed6472dcbd0d48f79c13527f2f39a46d5f2602c558de662204fca575fbc20
auditd-package-service-v1	auditd-package-service	auditd-package-and-systemd-unit	MECHANISM_AUTHORITY_V1	auditd-package-service-v1	product/contracts/mechanism-auditd-package-service-v1.json	e079fa183dd64d630b65ec4f2744b6e7d4a712fa1621b54ce06d80df93a9a91d
auditd-rules-v1	auditd-rules	auditd-rules-product-file	MECHANISM_AUTHORITY_V1	auditd-rules-v1	product/contracts/mechanism-auditd-rules-v1.json	82f07b4eacd5a51ab4540152d84c2f5a34abbb5317e695ff384fa86816fe2007
config-line-with-runtime-v1	sysctl	sysctl-runtime-persistent	MECHANISM_AUTHORITY_V1	config-line-with-runtime-v1	product/contracts/mechanism-config-line-runtime-v1.json	dcb6163ec0de1317e7c723fd96df2525aa8452b23f85e10784e4235272e212d3
cron-command-paths-write-protection-v1	cron-command-paths-write-protection	file-mode-cron-command-paths	MECHANISM_AUTHORITY_V1	cron-command-paths-write-protection-v1	product/contracts/mechanism-cron-command-paths-write-protection-v1.json	d0219ed8fb14cff153371d2b000f87ab790701a7ec12f90b57432ed993cb1f1d
file-mode-owner-v1	file-mode-owner	file-mode-fixed-path	MECHANISM_AUTHORITY_V1	file-mode-owner-v1	product/contracts/mechanism-file-mode-owner-v1.json	c12e918000c09ec61aac18690fafb75e7b74d6702fa3f153187ebbba76ffd400
home-directories-mode-v1	home-directories-mode	file-mode-passwd-home-directories	MECHANISM_AUTHORITY_V1	home-directories-mode-v1	product/contracts/mechanism-home-directories-mode-v1.json	23099e273bf30994083a1dbe31ae2c84b3f4ee65270f2c3a79e6b4cd668dead8
home-sensitive-files-mode-v1	home-sensitive-files-mode	file-mode-passwd-home-sensitive-files	MECHANISM_AUTHORITY_V1	home-sensitive-files-mode-v1	product/contracts/mechanism-home-sensitive-files-mode-v1.json	97d9b8245da8401be05a0add9510f37c67a9eb5def3ed033bb26fd8afb41dc2b
kernel-cmdline-grub-v1	kernel-cmdline	kernel-cmdline-grub-dropin	MECHANISM_AUTHORITY_V1	kernel-cmdline-grub-v1	product/contracts/mechanism-kernel-cmdline-grub-v1.json	eaec868080fdb4b98b2d047300dcf46cf3a1997a9f42d423a33a7ba2201cb459
local-account-empty-password-lock-v1	local-account-password-state	shadow-password-field	MECHANISM_AUTHORITY_V1	local-account-empty-password-lock-v1	product/contracts/mechanism-local-account-empty-password-lock-v1.json	181f333cebb45dc56de26971f30b7ffedf6c45547bd356622536385d9993d811
local-account-password-aging-v1	local-account-password-aging	shadow-aging-fields	MECHANISM_AUTHORITY_V1	local-account-password-aging-v1	product/contracts/mechanism-local-account-password-aging-v1.json	5c292ef83c4bf1c279bc1e779f045892243ede592263319731eb789eb1f3b02b
login-defs-option-v1	login-defs-option	login-defs-option-line	MECHANISM_AUTHORITY_V1	login-defs-option-v1	product/contracts/mechanism-login-defs-option-v1.json	b520b859b7ef541202b404311d03ad5136092cb040336c758318d397c68c9261
network-service-mask-v1	network-service-disabled	systemd-network-service-units	MECHANISM_AUTHORITY_V1	network-service-mask-v1	product/contracts/mechanism-network-service-mask-v1.json	0d7cf5928c4a809bbe0c38fa78cf941f4f462ef25a7f17811899e3a901280f56
optional-file-root-files-mode-v1	optional-file-root-files-mode	file-mode-optional-root	MECHANISM_AUTHORITY_V1	optional-file-root-files-mode-v1	product/contracts/mechanism-optional-file-root-files-mode-v1.json	8c3f31abbd2f8f7d747812b855e1ce9645ccb36b4f7e316495aa6ec2dcd744b1
pam-pwhistory-profile-v1	pam-pwhistory-remember	pam-auth-update-profile	MECHANISM_AUTHORITY_V1	pam-pwhistory-profile-v1	product/contracts/mechanism-pam-pwhistory-profile-v1.json	44e5f37c9b9eea091e353ccaff9f38fc2bc08cceab11523273bf68be3e1ea76f
pam-pwquality-option-v1	pam-pwquality-option	pam-pwquality-package-and-conf-line	MECHANISM_AUTHORITY_V1	pam-pwquality-option-v1	product/contracts/mechanism-pam-pwquality-option-v1.json	52c577199da68eac3cd33bce86d710086b0dc51b8eaf61345abf1b820f4c9f7b
pam-wheel-su-v1	pam-wheel-access	pam-su-wheel-group	MECHANISM_AUTHORITY_V1	pam-wheel-su-v1	product/contracts/mechanism-pam-wheel-su-v1.json	b88859644f1b90a5d33808f7fba51dd3281de76defc14b8b519e8d08193ef1ad
sshd-config-option-v1	sshd-config-option	sshd-main-config-directive	MECHANISM_AUTHORITY_V1	sshd-config-option-v1	product/contracts/mechanism-sshd-config-option-v1.json	209bb6f0a959bbb7dd2c85a3afc66e63ccfc61d3180a27d68c6164ac42b66045
standard-system-paths-mode-v1	standard-system-paths-mode	file-mode-standard-system-paths	MECHANISM_AUTHORITY_V1	standard-system-paths-mode-v1	product/contracts/mechanism-standard-system-paths-mode-v1.json	1509afe0e0bb2d5f6ab92b81f18d81c46d84866c5ad022464d7eafb361c1dfe7
startup-files-write-protection-v1	startup-files-write-protection	file-mode-startup-files	MECHANISM_AUTHORITY_V1	startup-files-write-protection-v1	product/contracts/mechanism-startup-files-write-protection-v1.json	19f3b4f55a9a9a992f40afd63804ae9651f1a6326e5845156d14a9ef998cfd7b
sudo-root-command-files-protection-v1	sudo-root-command-files-protection	file-mode-sudo-root-command-files	MECHANISM_AUTHORITY_V1	sudo-root-command-files-protection-v1	product/contracts/mechanism-sudo-root-command-files-protection-v1.json	4862e4fb80d66e4142a56167fb6af4fd4f41120fbba0124d62804056c75fa442
suid-sgid-applications-mode-v1	suid-sgid-applications	file-mode-suid-sgid-population	MECHANISM_AUTHORITY_V1	suid-sgid-applications-mode-v1	product/contracts/mechanism-suid-sgid-applications-mode-v1.json	36a2f89a51cf109044292cb27862f2f767111a0e06ae1428168d38285df4d3d4
user-cron-files-mode-v1	user-cron-files-mode	file-mode-user-cron-spool	MECHANISM_AUTHORITY_V1	user-cron-files-mode-v1	product/contracts/mechanism-user-cron-files-mode-v1.json	4f7f90675f0e4880380dc9f3154bbbacd4dedd512e1868a5bffac7e57e7e05b0
