control_id	index_id	locator	key	expected	file	sha256
FSTEC-CONFIGURATION-2026-1.1-ENCRYPT-METHOD	SRC-0055	1.1	ENCRYPT_METHOD	SHA512|YESCRYPT	fstec-configuration-2026-1.1-encrypt-method.yaml	e0aaa44466449c3a184eb437c473d087002a7dbbf92a4b3cddb01ed4a48600ff
FSTEC-CONFIGURATION-2026-1.1-EXISTING-PASSWORD-AGE	SRC-0055	1.1	age-days	90	fstec-configuration-2026-1.1-existing-password-age.yaml	f42ba83a24463c466326a641ca792b23f1fb92b8f9af966cf8bd357969c3f938
FSTEC-CONFIGURATION-2026-1.1-EXISTING-PASSWORD-AGING	SRC-0055	1.1	aging-fields	1/90/7	fstec-configuration-2026-1.1-existing-password-aging.yaml	6a9e72dc4e8502ab8b1877f610df0dcd54ae3529ea23748715008edfda0135d4
FSTEC-CONFIGURATION-2026-1.1-PASS-MAX-DAYS	SRC-0055	1.1	PASS_MAX_DAYS	90	fstec-configuration-2026-1.1-pass-max-days.yaml	8bde26edc3fcd532874c5be570cf4e3339749ab68375453723ce991d73d9bdaa
FSTEC-CONFIGURATION-2026-1.1-PASS-MIN-DAYS	SRC-0055	1.1	PASS_MIN_DAYS	1	fstec-configuration-2026-1.1-pass-min-days.yaml	704c704d3c84c58f5cfb5dcc5372d87db66a7a4fa8f0051643a08a4cbf8ab9a5
FSTEC-CONFIGURATION-2026-1.1-PASS-WARN-AGE	SRC-0055	1.1	PASS_WARN_AGE	7	fstec-configuration-2026-1.1-pass-warn-age.yaml	74d7bae596945e5654deec69c6fbd7945fce969b55fde431e02e8d9730b99bb5
FSTEC-CONFIGURATION-2026-1.1-PWQUALITY-DCREDIT	SRC-0055	1.1	dcredit	-1	fstec-configuration-2026-1.1-pwquality-dcredit.yaml	67cbaaa9df5e98fcd12c96ba92d02e957efa22074ccb33a3820db7f13f73afbe
FSTEC-CONFIGURATION-2026-1.1-PWQUALITY-LCREDIT	SRC-0055	1.1	lcredit	-1	fstec-configuration-2026-1.1-pwquality-lcredit.yaml	8832241ba830a475148e27c3e437a5462face59f7256193684bfa1e6d4db5086
FSTEC-CONFIGURATION-2026-1.1-PWQUALITY-MINLEN	SRC-0055	1.1	minlen	12	fstec-configuration-2026-1.1-pwquality-minlen.yaml	f33c9b1a8a94c4c8b52c67c10cc606c4c039cac9cf0e3ed28d36984258c8b5ec
FSTEC-CONFIGURATION-2026-1.1-PWQUALITY-OCREDIT	SRC-0055	1.1	ocredit	-1	fstec-configuration-2026-1.1-pwquality-ocredit.yaml	9b74080352b7d7530f3cedc2792d179567a299ef2c2625d0e3d55da88b6aa04d
FSTEC-CONFIGURATION-2026-1.1-PWQUALITY-RETRY	SRC-0055	1.1	retry	3	fstec-configuration-2026-1.1-pwquality-retry.yaml	9b92fa23522ea192c73d823fba595c11a493122883c116c53cc900c1cff02b11
FSTEC-CONFIGURATION-2026-1.1-PWQUALITY-UCREDIT	SRC-0055	1.1	ucredit	-1	fstec-configuration-2026-1.1-pwquality-ucredit.yaml	e422ad1e82c1d3bb471800da1820dccc8e28ba4cfc0811aa038cfffa7f341154
FSTEC-CONFIGURATION-2026-1.2-PWHISTORY-REMEMBER	SRC-0056	1.2	remember	5	fstec-configuration-2026-1.2-pwhistory-remember.yaml	b91bc68c49dc3fd272b0cd9bb048e6a08be3c00eaf54549303536be12a1eab81
FSTEC-CONFIGURATION-2026-11.2-FTP	SRC-0098	11.2	ftp	disabled	fstec-configuration-2026-11.2-ftp.yaml	4e1b1a63aabb01c3ee3281d8d07dab5c6e39353ade2ddbaead0b8c1dbc7963a1
FSTEC-CONFIGURATION-2026-11.2-SNMP	SRC-0098	11.2	snmp	disabled	fstec-configuration-2026-11.2-snmp.yaml	c892a0edd6da6fa55ee77205d5f10f08fe5e7152a960bd92b2ddde100e6c00b0
FSTEC-CONFIGURATION-2026-11.2-TELNET	SRC-0098	11.2	telnet	disabled	fstec-configuration-2026-11.2-telnet.yaml	9b84a63eb9852a42dd1b692e72062137d23e83c817b6d5d1e72db24d26f35ec8
FSTEC-CONFIGURATION-2026-8.4-SSH-LOG-LEVEL	SRC-0091	8.4	LogLevel	VERBOSE	fstec-configuration-2026-8.4-ssh-log-level.yaml	5b24302f05d5e939a14c799b3a6a6ebb9cf95cd4d360aef68be75b658ec3eb6b
FSTEC-CONFIGURATION-2026-9.1-SSH-PASSWORD-AUTHENTICATION	SRC-0088	9.1	PasswordAuthentication	no	fstec-configuration-2026-9.1-ssh-password-authentication.yaml	76f8526661cb3c9854c2e8436d98649482a2be5a6bc4e7b953ac97db71a5a5aa
FSTEC-CONFIGURATION-2026-9.1-SSH-PERMIT-EMPTY-PASSWORDS	SRC-0088	9.1	PermitEmptyPasswords	no	fstec-configuration-2026-9.1-ssh-permit-empty-passwords.yaml	eb6ea9f476a6b65ef758631f9a920e5c9af3d1f7b136145f2727991641c88055
FSTEC-CONFIGURATION-2026-9.1-SSH-PERMIT-ROOT-LOGIN	SRC-0088	9.1	PermitRootLogin	no	fstec-configuration-2026-9.1-ssh-permit-root-login.yaml	ff7f9436907ec698f6298a7d3a5a785da36399228a0f213295ec0626303c8cd2
